Watch Name,Watch URL,Watch Image,Brand,Model,Case Material,mm,Condition,image_filename
Rolex Sky-Dweller,https://www.thewatchpages.com/watches/rolex-sky-dweller-m336938-0008/,https://cdn.thewatchpages.com/app/uploads/2025/04/30204058/rolex-sky-dweller-m336938-0008.jpeg?width=400,Rolex,Sky-Dweller,,,Excelent ,rolex-oyster-perpetual-sea-dweller-m126603-800x1295.jpg-1be678f4-ea09-4761-92a0-c38bbed3b466.webp
Rolex Cosmograph Daytona,https://www.thewatchpages.com/watches/rolex-cosmograph-daytona-126518ln-0014/,https://cdn.thewatchpages.com/app/uploads/2025/04/30203929/rolex-cosmograph-daytona-126518ln-0014.jpeg?width=400,Rolex,Cosmograph Daytona,,,Excelent ,rolex-oyster-perpetual-sea-dweller-m126603-800x1295.jpg-1be678f4-ea09-4761-92a0-c38bbed3b466.webp
Rolex GMT-Master II,https://www.thewatchpages.com/watches/rolex-gmt-master-ii-126715chnr-0002/,https://cdn.thewatchpages.com/app/uploads/2025/04/30204022/rolex-gmt-master-ii-126715chnr-0002.jpeg?width=400,Rolex,GMT-Master II,,,Excelent ,rolex-oyster-perpetual-sea-dweller-m126603-800x1295.jpg-1be678f4-ea09-4761-92a0-c38bbed3b466.webp
Rolex 1908,https://www.thewatchpages.com/watches/rolex-1908-52508-0008/,https://cdn.thewatchpages.com/app/uploads/2025/04/30203643/rolex-1908-52508-0008.jpeg?width=400,Rolex,1908,,,Excelent ,rolex-oyster-perpetual-sea-dweller-m126603-800x1295.jpg-1be678f4-ea09-4761-92a0-c38bbed3b466.webp
Rolex Datejust 31,https://www.thewatchpages.com/watches/rolex-datejust-31-278288rbr-0041/,https://cdn.thewatchpages.com/app/uploads/2025/04/30203806/rolex-datejust-31-278288rbr-0041.jpeg?width=400,Rolex,Datejust,,31.0,Excelent ,rolex-oyster-perpetual-sea-dweller-m126603-800x1295.jpg-1be678f4-ea09-4761-92a0-c38bbed3b466.webp
Rolex Oyster Perpetual 41,https://www.thewatchpages.com/watches/rolex-oyster-perpetual-41-134300-0006/,https://cdn.thewatchpages.com/app/uploads/2025/04/30203559/rolex-oyster-perpetual-41-134300-0006.jpeg?width=400,Rolex,Oyster Perpetual,,41.0,Excelent ,rolex-oyster-perpetual-sea-dweller-m126603-800x1295.jpg-1be678f4-ea09-4761-92a0-c38bbed3b466.webp
Rolex Oyster Perpetual 36,https://www.thewatchpages.com/watches/rolex-oyster-perpetual-36-126000-0012/,https://cdn.thewatchpages.com/app/uploads/2025/04/30203531/rolex-oyster-perpetual-36-126000-0012.jpeg?width=400,Rolex,Oyster Perpetual,,36.0,Excelent ,rolex-oyster-perpetual-sea-dweller-m126603-800x1295.jpg-1be678f4-ea09-4761-92a0-c38bbed3b466.webp
Rolex Oyster Perpetual 28,https://www.thewatchpages.com/watches/rolex-oyster-perpetual-28-276200-0008/,https://cdn.thewatchpages.com/app/uploads/2025/04/30203432/rolex-oyster-perpetual-28-276200-0008.jpeg?width=400,Rolex,Oyster Perpetual,,28.0,Excelent ,rolex-oyster-perpetual-sea-dweller-m126603-800x1295.jpg-1be678f4-ea09-4761-92a0-c38bbed3b466.webp
Rolex GMT-Master II,https://www.thewatchpages.com/watches/rolex-gmt-master-ii-126729vtnr-0001/,https://cdn.thewatchpages.com/app/uploads/2025/04/30203300/rolex-gmt-master-ii-126729vtnr-0001.jpeg?width=400,Rolex,GMT-Master II,,,Excelent ,rolex-oyster-perpetual-sea-dweller-m126603-800x1295.jpg-1be678f4-ea09-4761-92a0-c38bbed3b466.webp
Rolex Land-Dweller 36,https://www.thewatchpages.com/watches/rolex-land-dweller-36-127286tbr-0001/,https://cdn.thewatchpages.com/app/uploads/2025/05/09141856/rolex-land-dweller-36-127286tbr-0001-800x1521.jpeg?width=400,Rolex,Land-Dweller,,36.0,Excelent ,rolex-oyster-perpetual-sea-dweller-m126603-800x1295.jpg-1be678f4-ea09-4761-92a0-c38bbed3b466.webp
Rolex Land-Dweller 36,https://www.thewatchpages.com/watches/rolex-land-dweller-36-127236-0001/,https://cdn.thewatchpages.com/app/uploads/2025/05/09141909/rolex-land-dweller-36-127236-0001-800x1521.jpeg?width=400,Rolex,Land-Dweller,,36.0,Excelent ,rolex-oyster-perpetual-sea-dweller-m126603-800x1295.jpg-1be678f4-ea09-4761-92a0-c38bbed3b466.webp
Rolex Land-Dweller 36,https://www.thewatchpages.com/watches/rolex-land-dweller-36-127234-0001/,https://cdn.thewatchpages.com/app/uploads/2025/05/09141845/rolex-land-dweller-36-127234-0001-800x1523.jpeg?width=400,Rolex,Land-Dweller,,36.0,Excelent ,rolex-oyster-perpetual-sea-dweller-m126603-800x1295.jpg-1be678f4-ea09-4761-92a0-c38bbed3b466.webp
Rolex Land-Dweller 36,https://www.thewatchpages.com/watches/rolex-land-dweller-36-127285tbr-0002/,https://cdn.thewatchpages.com/app/uploads/2025/04/30203146/rolex-land-dweller-36-127285tbr-0002.jpeg?width=400,Rolex,Land-Dweller,,36.0,Excelent ,rolex-oyster-perpetual-sea-dweller-m126603-800x1295.jpg-1be678f4-ea09-4761-92a0-c38bbed3b466.webp
Rolex Land-Dweller 40,https://www.thewatchpages.com/watches/rolex-land-dweller-40-127385tbr-0003/,https://cdn.thewatchpages.com/app/uploads/2025/05/09141819/rolex-land-dweller-40-127385tbr-0003-800x1427.jpeg?width=400,Rolex,Land-Dweller,,40.0,Excelent ,rolex-oyster-perpetual-sea-dweller-m126603-800x1295.jpg-1be678f4-ea09-4761-92a0-c38bbed3b466.webp
Rolex Land-Dweller 36,https://www.thewatchpages.com/watches/rolex-land-dweller-36-127335-0001/,https://cdn.thewatchpages.com/app/uploads/2025/05/09141831/rolex-land-dweller-36-127335-0001-800x1438.jpeg?width=400,Rolex,Land-Dweller,,36.0,Excelent ,rolex-oyster-perpetual-sea-dweller-m126603-800x1295.jpg-1be678f4-ea09-4761-92a0-c38bbed3b466.webp
Rolex Land-Dweller 40,https://www.thewatchpages.com/watches/rolex-land-dweller-40-127386tbr-0001/,https://cdn.thewatchpages.com/app/uploads/2025/05/09141806/rolex-land-dweller-40-127386tbr-0001-800x1427.jpeg?width=400,Rolex,Land-Dweller,,40.0,Excelent ,rolex-oyster-perpetual-sea-dweller-m126603-800x1295.jpg-1be678f4-ea09-4761-92a0-c38bbed3b466.webp
Rolex Land-Dweller 40,https://www.thewatchpages.com/watches/rolex-land-dweller-40-127235-0001/,https://cdn.thewatchpages.com/app/uploads/2025/05/09141753/rolex-land-dweller-40-127235-0001-800x1520.jpeg?width=400,Rolex,Land-Dweller,,40.0,Excelent ,rolex-oyster-perpetual-sea-dweller-m126603-800x1295.jpg-1be678f4-ea09-4761-92a0-c38bbed3b466.webp
Rolex Land-Dweller 40,https://www.thewatchpages.com/watches/rolex-land-dweller-40-127334-0001/,https://cdn.thewatchpages.com/app/uploads/2025/04/30202920/rolex-land-dweller-40-127334-0001.jpeg?width=400,Rolex,Land-Dweller,,40.0,Excelent ,rolex-oyster-perpetual-sea-dweller-m126603-800x1295.jpg-1be678f4-ea09-4761-92a0-c38bbed3b466.webp
Rolex Land-Dweller 40,https://www.thewatchpages.com/watches/rolex-land-dweller-40-127336-0001/,https://cdn.thewatchpages.com/app/uploads/2025/04/30203053/rolex-land-dweller-40-127336-0001.jpeg?width=400,Rolex,Land-Dweller,,40.0,Excelent ,rolex-oyster-perpetual-sea-dweller-m126603-800x1295.jpg-1be678f4-ea09-4761-92a0-c38bbed3b466.webp
Rolex Sky-Dweller,https://www.thewatchpages.com/watches/rolex-sky-dweller-336938-0006/,https://cdn.thewatchpages.com/app/uploads/2024/04/18155707/rolex-sky-dweller-336938-0006.jpeg?width=400,Rolex,Sky-Dweller,,,Excelent ,rolex-oyster-perpetual-sea-dweller-m126603-800x1295.jpg-1be678f4-ea09-4761-92a0-c38bbed3b466.webp
Rolex Sky-Dweller,https://www.thewatchpages.com/watches/rolex-sky-dweller-336935-0008/,https://cdn.thewatchpages.com/app/uploads/2024/04/18155611/rolex-sky-dweller-336935-0008.jpeg?width=400,Rolex,Sky-Dweller,,,Excelent ,rolex-oyster-perpetual-sea-dweller-m126603-800x1295.jpg-1be678f4-ea09-4761-92a0-c38bbed3b466.webp
Rolex 1908,https://www.thewatchpages.com/watches/rolex-1908-52506-0002/,https://cdn.thewatchpages.com/app/uploads/2024/04/18155444/rolex-perpetual-1908-52506-0002.jpeg?width=400,Rolex,1908,,,Excelent ,rolex-oyster-perpetual-sea-dweller-m126603-800x1295.jpg-1be678f4-ea09-4761-92a0-c38bbed3b466.webp
Rolex Oyster Perpetual Day-Date 40,https://www.thewatchpages.com/watches/rolex-oyster-perpetual-day-date-40-228239-0078/,https://cdn.thewatchpages.com/app/uploads/2024/04/18155354/rolex-oyster-perpetual-day-date-40-228239-0078-800x1465.jpeg?width=400,Rolex,Oyster Perpetual Day-Date,,40.0,Excelent ,rolex-oyster-perpetual-sea-dweller-m126603-800x1295.jpg-1be678f4-ea09-4761-92a0-c38bbed3b466.webp
Rolex Oyster Perpetual Day-Date 40,https://www.thewatchpages.com/watches/rolex-oyster-perpetual-day-date-40-228239-0076/,https://cdn.thewatchpages.com/app/uploads/2024/04/18155434/rolex-oyster-perpetual-day-date-40-228239-0076.jpeg?width=400,Rolex,Oyster Perpetual Day-Date,,40.0,Excelent ,rolex-oyster-perpetual-sea-dweller-m126603-800x1295.jpg-1be678f4-ea09-4761-92a0-c38bbed3b466.webp
Rolex Oyster Perpetual Day-Date 40,https://www.thewatchpages.com/watches/rolex-oyster-perpetual-day-date-40-228238-0069/,https://cdn.thewatchpages.com/app/uploads/2024/04/18155305/rolex-oyster-perpetual-day-date-40-228238-0069.jpeg?width=400,Rolex,Oyster Perpetual Day-Date,,40.0,Excelent ,rolex-oyster-perpetual-sea-dweller-m126603-800x1295.jpg-1be678f4-ea09-4761-92a0-c38bbed3b466.webp
Rolex Oyster Perpetual Day-Date 40,https://www.thewatchpages.com/watches/rolex-oyster-perpetual-day-date-40-228235-0055/,https://cdn.thewatchpages.com/app/uploads/2024/04/18155314/rolex-oyster-perpetual-day-date-40-228235-0055.jpeg?width=400,Rolex,Oyster Perpetual Day-Date,,40.0,Excelent ,rolex-oyster-perpetual-sea-dweller-m126603-800x1295.jpg-1be678f4-ea09-4761-92a0-c38bbed3b466.webp
Rolex Oyster Perpetual Day-Date 40,https://www.thewatchpages.com/watches/rolex-oyster-perpetual-day-date-40-228235-0056/,https://cdn.thewatchpages.com/app/uploads/2024/04/18155256/rolex-oyster-perpetual-day-date-40-228235-0056.jpeg?width=400,Rolex,Oyster Perpetual Day-Date,,40.0,Excelent ,rolex-oyster-perpetual-sea-dweller-m126603-800x1295.jpg-1be678f4-ea09-4761-92a0-c38bbed3b466.webp
Rolex Oyster Perpetual Day-Date 36,https://www.thewatchpages.com/watches/rolex-oyster-perpetual-day-date-36-128398tbr-0035/,https://cdn.thewatchpages.com/app/uploads/2024/04/18155233/rolex-oyster-perpetual-day-date-36-128398tbr-0035.jpeg?width=400,Rolex,Oyster Perpetual Day-Date,,36.0,Excelent ,rolex-oyster-perpetual-sea-dweller-m126603-800x1295.jpg-1be678f4-ea09-4761-92a0-c38bbed3b466.webp
Rolex Oyster Perpetual Day-Date 36,https://www.thewatchpages.com/watches/rolex-oyster-perpetual-day-date-36-128399tbr-0029/,https://cdn.thewatchpages.com/app/uploads/2024/04/18155244/rolex-oyster-perpetual-day-date-36-128399tbr-0029.jpeg?width=400,Rolex,Oyster Perpetual Day-Date,,36.0,Excelent ,rolex-oyster-perpetual-sea-dweller-m126603-800x1295.jpg-1be678f4-ea09-4761-92a0-c38bbed3b466.webp
Rolex Oyster Perpetual Day-Date 36,https://www.thewatchpages.com/watches/rolex-oyster-perpetual-day-date-36-128395tbr-0032/,https://cdn.thewatchpages.com/app/uploads/2024/04/18155156/rolex-oyster-perpetual-day-date-36-128395tbr-0032.jpeg?width=400,Rolex,Oyster Perpetual Day-Date,,36.0,Excelent ,rolex-oyster-perpetual-sea-dweller-m126603-800x1295.jpg-1be678f4-ea09-4761-92a0-c38bbed3b466.webp
Rolex Oyster Perpetual Day-Date 36,https://www.thewatchpages.com/watches/rolex-oyster-perpetual-day-date-36-128238-0123/,https://cdn.thewatchpages.com/app/uploads/2024/04/18155146/rolex-oyster-perpetual-day-date-36-128238-0123.jpeg?width=400,Rolex,Oyster Perpetual Day-Date,,36.0,Excelent ,rolex-oyster-perpetual-sea-dweller-m126603-800x1295.jpg-1be678f4-ea09-4761-92a0-c38bbed3b466.webp
Rolex Oyster Perpetual Day-Date 36,https://www.thewatchpages.com/watches/rolex-oyster-perpetual-day-date-36-128238-0113/,https://cdn.thewatchpages.com/app/uploads/2024/04/18155100/rolex-oyster-perpetual-day-date-36-128238-0113-800x1513.jpeg?width=400,Rolex,Oyster Perpetual Day-Date,,36.0,Excelent ,rolex-oyster-perpetual-sea-dweller-m126603-800x1295.jpg-1be678f4-ea09-4761-92a0-c38bbed3b466.webp
Rolex Oyster Perpetual Day-Date 36,https://www.thewatchpages.com/watches/rolex-oyster-perpetual-day-date-36-128236-0018/,https://cdn.thewatchpages.com/app/uploads/2024/04/18155048/rolex-oyster-perpetual-day-date-36-128236-0018.jpeg?width=400,Rolex,Oyster Perpetual Day-Date,,36.0,Excelent ,rolex-oyster-perpetual-sea-dweller-m126603-800x1295.jpg-1be678f4-ea09-4761-92a0-c38bbed3b466.webp
Rolex Oyster Perpetual Day-Date 36,https://www.thewatchpages.com/watches/rolex-oyster-perpetual-day-date-36-128235-0070/,https://cdn.thewatchpages.com/app/uploads/2024/04/18155039/rolex-oyster-perpetual-day-date-36-128235-0070.jpeg?width=400,Rolex,Oyster Perpetual Day-Date,,36.0,Excelent ,rolex-oyster-perpetual-sea-dweller-m126603-800x1295.jpg-1be678f4-ea09-4761-92a0-c38bbed3b466.webp
Rolex GMT-Master II,https://www.thewatchpages.com/watches/rolex-gmt-master-ii-126710grnr-0004/,https://cdn.thewatchpages.com/app/uploads/2024/04/18154940/rolex-gmt-master-ii-126710grnr-0004-800x1380.jpeg?width=400,Rolex,GMT-Master II,,,Excelent ,rolex-oyster-perpetual-sea-dweller-m126603-800x1295.jpg-1be678f4-ea09-4761-92a0-c38bbed3b466.webp
Rolex GMT-Master II,https://www.thewatchpages.com/watches/rolex-gmt-master-ii-126710grnr-0003/,https://cdn.thewatchpages.com/app/uploads/2024/04/18154849/rolex-gmt-master-ii-126710grnr-0003-800x1383.jpeg?width=400,Rolex,GMT-Master II,,,Excelent ,rolex-oyster-perpetual-sea-dweller-m126603-800x1295.jpg-1be678f4-ea09-4761-92a0-c38bbed3b466.webp
Rolex Deepsea,https://www.thewatchpages.com/watches/rolex-deepsea-136668lb-0001/,https://cdn.thewatchpages.com/app/uploads/2024/04/18154709/rolex-deepsea-136668lb-0001.jpeg?width=400,Rolex,Deepsea,,,Excelent ,rolex-oyster-perpetual-sea-dweller-m126603-800x1295.jpg-1be678f4-ea09-4761-92a0-c38bbed3b466.webp
Rolex Cosmograph Daytona,https://www.thewatchpages.com/watches/rolex-cosmograph-daytona-126579rbr-0001/,https://cdn.thewatchpages.com/app/uploads/2024/04/18154610/rolex-cosmograph-daytona-126579rbr-0001.jpeg?width=400,Rolex,Cosmograph Daytona,,,Excelent ,rolex-oyster-perpetual-sea-dweller-m126603-800x1295.jpg-1be678f4-ea09-4761-92a0-c38bbed3b466.webp
Rolex Cosmograph Daytona,https://www.thewatchpages.com/watches/rolex-cosmograph-daytona-126589rbr/,https://cdn.thewatchpages.com/app/uploads/2024/04/18154511/rolex-cosmograph-daytona-126589rbr-0002.jpeg?width=400,Rolex,Cosmograph Daytona,,,Excelent ,rolex-oyster-perpetual-sea-dweller-m126603-800x1295.jpg-1be678f4-ea09-4761-92a0-c38bbed3b466.webp
Rolex Oyster Perpetua Day-Date 36,https://www.thewatchpages.com/watches/rolex-oyster-perpetua-day-date-36-128238-0069/,https://cdn.thewatchpages.com/app/uploads/2024/04/18155023/rolex-oyster-perpetua-day-date-36-128238-0069.jpeg?width=400,Rolex,Oyster Perpetual Day-Date,,36.0,Excelent ,rolex-oyster-perpetual-sea-dweller-m126603-800x1295.jpg-1be678f4-ea09-4761-92a0-c38bbed3b466.webp
Rolex Oyster Perpetual Day-Date 40,https://www.thewatchpages.com/watches/rolex-oyster-perpetual-day-date-40-228398tbr-0036/,https://cdn.thewatchpages.com/app/uploads/2023/04/28101053/rolex-oyster-perpetual-day-date-40-228398tbr-0036-800x1455.jpeg?width=400,Rolex,Oyster Perpetual Day-Date,,40.0,Excelent ,rolex-oyster-perpetual-sea-dweller-m126603-800x1295.jpg-1be678f4-ea09-4761-92a0-c38bbed3b466.webp
Rolex Oyster Perpetual Day-Date 40,https://www.thewatchpages.com/watches/rolex-oyster-perpetual-day-date-40-228345rbr-0016/,https://cdn.thewatchpages.com/app/uploads/2023/04/28101047/rolex-oyster-perpetual-day-date-40-228345rbr-0016-800x1460.jpeg?width=400,Rolex,Oyster Perpetual Day-Date,,40.0,Excelent ,rolex-oyster-perpetual-sea-dweller-m126603-800x1295.jpg-1be678f4-ea09-4761-92a0-c38bbed3b466.webp
Rolex Oyster Perpetual Day-Date 40,https://www.thewatchpages.com/watches/rolex-oyster-perpetual-day-date-40-228238-0061/,https://cdn.thewatchpages.com/app/uploads/2023/04/28101041/rolex-oyster-perpetual-day-date-40-228238-0061-800x1460.jpeg?width=400,Rolex,Oyster Perpetual Day-Date,,40.0,Excelent ,rolex-oyster-perpetual-sea-dweller-m126603-800x1295.jpg-1be678f4-ea09-4761-92a0-c38bbed3b466.webp
Rolex Oyster Perpetual Day-Date 40,https://www.thewatchpages.com/watches/rolex-oyster-perpetual-day-date-40-228238-0059/,https://cdn.thewatchpages.com/app/uploads/2023/04/28101034/rolex-oyster-perpetual-day-date-40-228238-0059-800x1460.jpeg?width=400,Rolex,Oyster Perpetual Day-Date,,40.0,Excelent ,rolex-oyster-perpetual-sea-dweller-m126603-800x1295.jpg-1be678f4-ea09-4761-92a0-c38bbed3b466.webp
Rolex Oyster Perpetual Day-Date 40,https://www.thewatchpages.com/watches/rolex-oyster-perpetual-day-date-40-228235-0053/,https://cdn.thewatchpages.com/app/uploads/2023/04/28101027/rolex-oyster-perpetual-day-date-40-228235-0053-800x1460.jpeg?width=400,Rolex,Oyster Perpetual Day-Date,,40.0,Excelent ,rolex-oyster-perpetual-sea-dweller-m126603-800x1295.jpg-1be678f4-ea09-4761-92a0-c38bbed3b466.webp
Rolex Oyster Perpetual Day-Date 36,https://www.thewatchpages.com/watches/rolex-oyster-perpetual-day-date-36-128396tbr-0003/,https://cdn.thewatchpages.com/app/uploads/2023/04/28101021/rolex-oyster-perpetual-day-date-36-128396tbr-0003-800x1495.jpeg?width=400,Rolex,Oyster Perpetual Day-Date,,36.0,Excelent ,rolex-oyster-perpetual-sea-dweller-m126603-800x1295.jpg-1be678f4-ea09-4761-92a0-c38bbed3b466.webp
Rolex Oyster Perpetual Day-Date 36,https://www.thewatchpages.com/watches/rolex-oyster-perpetual-day-date-36-128348rbr-0049/,https://cdn.thewatchpages.com/app/uploads/2023/04/28101009/rolex-oyster-perpetual-day-date-36-128348rbr-0049-800x1495.jpeg?width=400,Rolex,Oyster Perpetual Day-Date,,36.0,Excelent ,rolex-oyster-perpetual-sea-dweller-m126603-800x1295.jpg-1be678f4-ea09-4761-92a0-c38bbed3b466.webp
Rolex Oyster Perpetual Day-Date 36,https://www.thewatchpages.com/watches/rolex-oyster-perpetual-day-date-36-128349rbr-0031/,https://cdn.thewatchpages.com/app/uploads/2023/04/28101016/rolex-oyster-perpetual-day-date-36-128349rbr-0031-800x1496.jpeg?width=400,Rolex,Oyster Perpetual Day-Date,,36.0,Excelent ,rolex-oyster-perpetual-sea-dweller-m126603-800x1295.jpg-1be678f4-ea09-4761-92a0-c38bbed3b466.webp
Rolex Oyster Perpetual Day-Date 36,https://www.thewatchpages.com/watches/rolex-oyster-perpetual-day-date-36-128345rbr-0044/,https://cdn.thewatchpages.com/app/uploads/2023/04/28100950/rolex-oyster-perpetual-day-date-36-128345rbr-0044-800x1495.jpeg?width=400,Rolex,Oyster Perpetual Day-Date,,36.0,Excelent ,rolex-oyster-perpetual-sea-dweller-m126603-800x1295.jpg-1be678f4-ea09-4761-92a0-c38bbed3b466.webp
Rolex Oyster Perpetual Day-Date 36,https://www.thewatchpages.com/watches/rolex-oyster-perpetual-day-date-36-128348rbr-0017/,https://cdn.thewatchpages.com/app/uploads/2023/04/28101003/rolex-oyster-perpetual-day-date-36-128348rbr-0017-800x1495.jpeg?width=400,Rolex,Oyster Perpetual Day-Date,,36.0,Excelent ,rolex-oyster-perpetual-sea-dweller-m126603-800x1295.jpg-1be678f4-ea09-4761-92a0-c38bbed3b466.webp
Rolex Oyster Perpetual Day-Date 36,https://www.thewatchpages.com/watches/rolex-oyster-perpetual-day-date-36-128345rbr-0068/,https://cdn.thewatchpages.com/app/uploads/2023/04/28100957/rolex-oyster-perpetual-day-date-36-128345rbr-0068-800x1496.jpeg?width=400,Rolex,Oyster Perpetual Day-Date,,36.0,Excelent ,rolex-oyster-perpetual-sea-dweller-m126603-800x1295.jpg-1be678f4-ea09-4761-92a0-c38bbed3b466.webp
Rolex Oyster Perpetual Day-Date 36,https://www.thewatchpages.com/watches/rolex-oyster-perpetual-day-date-36-128239-0023/,https://cdn.thewatchpages.com/app/uploads/2023/04/28100939/rolex-oyster-perpetual-day-date-36-128239-0023-800x1496.jpeg?width=400,Rolex,Oyster Perpetual Day-Date,,36.0,Excelent ,rolex-oyster-perpetual-sea-dweller-m126603-800x1295.jpg-1be678f4-ea09-4761-92a0-c38bbed3b466.webp
Rolex Oyster Perpetual Day-Date 36,https://www.thewatchpages.com/watches/rolex-oyster-perpetual-day-date-36-128239-0005/,https://cdn.thewatchpages.com/app/uploads/2023/04/28100933/rolex-oyster-perpetual-day-date-36-128239-0005-800x1495.jpeg?width=400,Rolex,Oyster Perpetual Day-Date,,36.0,Excelent ,rolex-oyster-perpetual-sea-dweller-m126603-800x1295.jpg-1be678f4-ea09-4761-92a0-c38bbed3b466.webp
Rolex Oyster Perpetual Day-Date 36,https://www.thewatchpages.com/watches/rolex-oyster-perpetual-day-date-36-128345rbr-0043/,https://cdn.thewatchpages.com/app/uploads/2023/04/28100945/rolex-oyster-perpetual-day-date-36-128345rbr-0043-800x1507.jpeg?width=400,Rolex,Oyster Perpetual Day-Date,,36.0,Excelent ,rolex-oyster-perpetual-sea-dweller-m126603-800x1295.jpg-1be678f4-ea09-4761-92a0-c38bbed3b466.webp
Rolex Oyster Perpetual 41,https://www.thewatchpages.com/watches/rolex-oyster-perpetual-41-124300-0008/,https://cdn.thewatchpages.com/app/uploads/2023/04/28100852/rolex-oyster-perpetual-41-124300-0008-800x1456.jpeg?width=400,Rolex,Oyster Perpetual,,41.0,Excelent ,rolex-oyster-perpetual-sea-dweller-m126603-800x1295.jpg-1be678f4-ea09-4761-92a0-c38bbed3b466.webp
Rolex Oyster Perpetual Day-Date 36,https://www.thewatchpages.com/watches/rolex-oyster-perpetual-day-date-36-128238-0081/,https://cdn.thewatchpages.com/app/uploads/2023/04/28100927/rolex-oyster-perpetual-day-date-36-128238-0081-800x1495.jpeg?width=400,Rolex,Oyster Perpetual Day-Date,,36.0,Excelent ,rolex-oyster-perpetual-sea-dweller-m126603-800x1295.jpg-1be678f4-ea09-4761-92a0-c38bbed3b466.webp
Rolex Oyster Perpetual 36,https://www.thewatchpages.com/watches/rolex-oyster-perpetual-36-126000-0009/,https://cdn.thewatchpages.com/app/uploads/2023/04/28100858/rolex-oyster-perpetual-36-126000-0009-800x1516.jpeg?width=400,Rolex,Oyster Perpetual,,36.0,Excelent ,rolex-oyster-perpetual-sea-dweller-m126603-800x1295.jpg-1be678f4-ea09-4761-92a0-c38bbed3b466.webp
Rolex Oyster Perpetual 34,https://www.thewatchpages.com/watches/rolex-oyster-perpetual-34-124200-0004/,https://cdn.thewatchpages.com/app/uploads/2023/04/28100846/rolex-oyster-perpetual-34-124200-0004-800x1589.jpeg?width=400,Rolex,Oyster Perpetual,,34.0,Excelent ,rolex-oyster-perpetual-sea-dweller-m126603-800x1295.jpg-1be678f4-ea09-4761-92a0-c38bbed3b466.webp
Rolex Oyster Perpetual 31,https://www.thewatchpages.com/watches/rolex-oyster-perpetual-31-277200-0004/,https://cdn.thewatchpages.com/app/uploads/2023/04/28100908/rolex-oyster-perpetual-31-277200-0004-800x1617.jpeg?width=400,Rolex,Oyster Perpetual,,31.0,Excelent ,rolex-oyster-perpetual-sea-dweller-m126603-800x1295.jpg-1be678f4-ea09-4761-92a0-c38bbed3b466.webp
Rolex Oyster Perpetual 31,https://www.thewatchpages.com/watches/rolex-oyster-perpetual-31-277200-0001/,https://cdn.thewatchpages.com/app/uploads/2023/04/28100903/rolex-oyster-perpetual-31-277200-0001-800x1617.jpeg?width=400,Rolex,Oyster Perpetual,,31.0,Excelent ,rolex-oyster-perpetual-sea-dweller-m126603-800x1295.jpg-1be678f4-ea09-4761-92a0-c38bbed3b466.webp
Rolex GMT-Master II,https://www.thewatchpages.com/watches/rolex-gmt-master-ii-126718grnr-0001/,https://cdn.thewatchpages.com/app/uploads/2023/04/28100807/rolex-gmt-master-ii-126718grnr-0001-800x1375.jpeg?width=400,Rolex,GMT-Master II,,,Excelent ,rolex-oyster-perpetual-sea-dweller-m126603-800x1295.jpg-1be678f4-ea09-4761-92a0-c38bbed3b466.webp
Rolex GMT-Master II,https://www.thewatchpages.com/watches/rolex-gmt-master-ii-126710blnr-0003/,https://cdn.thewatchpages.com/app/uploads/2023/04/28100753/rolex-gmt-master-ii-126710blnr-0003-800x1379.jpeg?width=400,Rolex,GMT-Master II,,,Excelent ,rolex-oyster-perpetual-sea-dweller-m126603-800x1295.jpg-1be678f4-ea09-4761-92a0-c38bbed3b466.webp
Rolex GMT-Master II,https://www.thewatchpages.com/watches/rolex-gmt-master-ii-126713grnr-0001/,https://cdn.thewatchpages.com/app/uploads/2023/04/28100759/rolex-gmt-master-ii-126713grnr-0001-800x1362.jpeg?width=400,Rolex,GMT-Master II,,,Excelent ,rolex-oyster-perpetual-sea-dweller-m126603-800x1295.jpg-1be678f4-ea09-4761-92a0-c38bbed3b466.webp
Rolex Explorer 36,https://www.thewatchpages.com/watches/rolex-explorer-36-124270-0001/,https://cdn.thewatchpages.com/app/uploads/2023/04/28100812/rolex-explorer-36-124270-0001-800x1528.jpeg?width=400,Rolex,Explorer,,36.0,Excelent ,rolex-oyster-perpetual-sea-dweller-m126603-800x1295.jpg-1be678f4-ea09-4761-92a0-c38bbed3b466.webp
Rolex Explorer 40,https://www.thewatchpages.com/watches/rolex-explorer-40-224270-0001/,https://cdn.thewatchpages.com/app/uploads/2023/04/28100834/rolex-explorer-40-224270-0001-800x1437.jpeg?width=400,Rolex,Explorer,,40.0,Excelent ,rolex-oyster-perpetual-sea-dweller-m126603-800x1295.jpg-1be678f4-ea09-4761-92a0-c38bbed3b466.webp
Rolex Yacht-Master 40,https://www.thewatchpages.com/watches/rolex-yacht-master-40-126622-0001-2/,https://cdn.thewatchpages.com/app/uploads/2023/04/28100703/rolex-yacht-master-40-126622-0001-1-800x1363.jpeg?width=400,Rolex,Yacht-Master,,40.0,Excelent ,rolex-oyster-perpetual-sea-dweller-m126603-800x1295.jpg-1be678f4-ea09-4761-92a0-c38bbed3b466.webp
Rolex Yacht-Master 42,https://www.thewatchpages.com/watches/rolex-yacht-master-42-226659-0004/,https://cdn.thewatchpages.com/app/uploads/2023/04/27175353/rolex-yacht-master-42-226659-0004-800x1359.jpeg?width=400,Rolex,Yacht-Master,,42.0,Excelent ,rolex-oyster-perpetual-sea-dweller-m126603-800x1295.jpg-1be678f4-ea09-4761-92a0-c38bbed3b466.webp
Rolex Yacht-Master 42,https://www.thewatchpages.com/watches/rolex-yacht-master-42-226627-0001/,https://cdn.thewatchpages.com/app/uploads/2023/04/27175321/rolex-yacht-master-42-226627-0001-800x1328.jpeg?width=400,Rolex,Yacht-Master,,42.0,Excelent ,rolex-oyster-perpetual-sea-dweller-m126603-800x1295.jpg-1be678f4-ea09-4761-92a0-c38bbed3b466.webp
Rolex Yacht-Master 40,https://www.thewatchpages.com/watches/rolex-yacht-master-40-126655-0002/,https://cdn.thewatchpages.com/app/uploads/2023/04/27175302/rolex-yacht-master-40-126655-0002-800x1391.jpeg?width=400,Rolex,Yacht-Master,,40.0,Excelent ,rolex-oyster-perpetual-sea-dweller-m126603-800x1295.jpg-1be678f4-ea09-4761-92a0-c38bbed3b466.webp
Rolex Yacht-Master 37,https://www.thewatchpages.com/watches/rolex-yacht-master-37-268621-0003/,https://cdn.thewatchpages.com/app/uploads/2023/04/27175359/rolex-yacht-master-37-268621-0003-800x1459.jpeg?width=400,Rolex,Yacht-Master,,37.0,Excelent ,rolex-oyster-perpetual-sea-dweller-m126603-800x1295.jpg-1be678f4-ea09-4761-92a0-c38bbed3b466.webp
Rolex Sky-Dweller,https://www.thewatchpages.com/watches/rolex-sky-dweller-336935-0001/,https://cdn.thewatchpages.com/app/uploads/2023/04/27181335/rolex-sky-dweller-336935-0001-800x1400.jpeg?width=400,Rolex,Sky-Dweller,,,Excelent ,rolex-oyster-perpetual-sea-dweller-m126603-800x1295.jpg-1be678f4-ea09-4761-92a0-c38bbed3b466.webp
Rolex Sky-Dweller,https://www.thewatchpages.com/watches/rolex-sky-dweller-336934-0004/,https://cdn.thewatchpages.com/app/uploads/2023/04/27175533/rolex-sky-dweller-336934-0004-800x1383.jpeg?width=400,Rolex,Sky-Dweller,,,Excelent ,rolex-oyster-perpetual-sea-dweller-m126603-800x1295.jpg-1be678f4-ea09-4761-92a0-c38bbed3b466.webp
Rolex Sky-Dweller,https://www.thewatchpages.com/watches/rolex-sky-dweller-336938-0003/,https://cdn.thewatchpages.com/app/uploads/2023/04/27175555/rolex-sky-dweller-336938-0003-800x1394.jpeg?width=400,Rolex,Sky-Dweller,,,Excelent ,rolex-oyster-perpetual-sea-dweller-m126603-800x1295.jpg-1be678f4-ea09-4761-92a0-c38bbed3b466.webp
Rolex Sky-Dweller,https://www.thewatchpages.com/watches/rolex-sky-dweller-336934-0001/,https://cdn.thewatchpages.com/app/uploads/2023/04/27181317/rolex-sky-dweller-336934-0001-800x1374.jpeg?width=400,Rolex,Sky-Dweller,,,Excelent ,rolex-oyster-perpetual-sea-dweller-m126603-800x1295.jpg-1be678f4-ea09-4761-92a0-c38bbed3b466.webp
Rolex Sky-Dweller,https://www.thewatchpages.com/watches/rolex-sky-dweller-336933-0004/,https://cdn.thewatchpages.com/app/uploads/2023/04/27175511/rolex-sky-dweller-336933-0004-800x1383.jpeg?width=400,Rolex,Sky-Dweller,,,Excelent ,rolex-oyster-perpetual-sea-dweller-m126603-800x1295.jpg-1be678f4-ea09-4761-92a0-c38bbed3b466.webp
Rolex Sky-Dweller,https://www.thewatchpages.com/watches/rolex-sky-dweller-336239-0002/,https://cdn.thewatchpages.com/app/uploads/2023/04/27175436/rolex-sky-dweller-336239-0002-800x1411.jpeg?width=400,Rolex,Sky-Dweller,,,Excelent ,rolex-oyster-perpetual-sea-dweller-m126603-800x1295.jpg-1be678f4-ea09-4761-92a0-c38bbed3b466.webp
Rolex Sky-Dweller,https://www.thewatchpages.com/watches/rolex-sky-dweller-336933-0001/,https://cdn.thewatchpages.com/app/uploads/2023/04/27175504/rolex-sky-dweller-336933-0001-800x1388.jpeg?width=400,Rolex,Sky-Dweller,,,Excelent ,rolex-oyster-perpetual-sea-dweller-m126603-800x1295.jpg-1be678f4-ea09-4761-92a0-c38bbed3b466.webp
Rolex Sky-Dweller,https://www.thewatchpages.com/watches/rolex-sky-dweller-336238-0002/,https://cdn.thewatchpages.com/app/uploads/2023/04/27175430/rolex-sky-dweller-336238-0002-800x1593.jpeg?width=400,Rolex,Sky-Dweller,,,Excelent ,rolex-oyster-perpetual-sea-dweller-m126603-800x1295.jpg-1be678f4-ea09-4761-92a0-c38bbed3b466.webp
Rolex Sky-Dweller,https://www.thewatchpages.com/watches/rolex-sky-dweller-336235-0003/,https://cdn.thewatchpages.com/app/uploads/2023/04/27175423/rolex-sky-dweller-336235-0003-800x1411.jpeg?width=400,Rolex,Sky-Dweller,,,Excelent ,rolex-oyster-perpetual-sea-dweller-m126603-800x1295.jpg-1be678f4-ea09-4761-92a0-c38bbed3b466.webp
Rolex 1908,https://www.thewatchpages.com/watches/rolex-1908-52509-0006/,https://cdn.thewatchpages.com/app/uploads/2023/04/27175236/rolex-perpetual-1908-52509-0006-800x1456.jpeg?width=400,Rolex,1908,,,Excelent ,rolex-oyster-perpetual-sea-dweller-m126603-800x1295.jpg-1be678f4-ea09-4761-92a0-c38bbed3b466.webp
Rolex 1908,https://www.thewatchpages.com/watches/rolex-1908-52509-0002/,https://cdn.thewatchpages.com/app/uploads/2023/04/27175231/rolex-perpetual-1908-52509-0002-800x1455.jpeg?width=200,Rolex,1908,,,Excelent ,rolex-oyster-perpetual-sea-dweller-m126603-800x1295.jpg-1be678f4-ea09-4761-92a0-c38bbed3b466.webp
Rolex 1908,https://www.thewatchpages.com/watches/rolex-1908-52508-0002/,https://cdn.thewatchpages.com/app/uploads/2023/04/27175219/rolex-perpetual-1908-52508-0002-800x1458.jpeg?width=200,Rolex,1908,,,Excelent ,rolex-oyster-perpetual-sea-dweller-m126603-800x1295.jpg-1be678f4-ea09-4761-92a0-c38bbed3b466.webp
Rolex 1908,https://www.thewatchpages.com/watches/rolex-1908-52508-0006/,https://cdn.thewatchpages.com/app/uploads/2023/04/27175225/rolex-perpetual-1908-52508-0006-800x1453.jpeg?width=200,Rolex,1908,,,Excelent ,rolex-oyster-perpetual-sea-dweller-m126603-800x1295.jpg-1be678f4-ea09-4761-92a0-c38bbed3b466.webp
Rolex Cosmograph Daytona,https://www.thewatchpages.com/watches/rolex-cosmograph-daytona-126518ln-0012/,https://cdn.thewatchpages.com/app/uploads/2023/04/27175139/rolex-cosmograph-daytona-126518ln-0012-800x1435.jpeg?width=200,Rolex,Cosmograph Daytona,,,Excelent ,rolex-oyster-perpetual-sea-dweller-m126603-800x1295.jpg-1be678f4-ea09-4761-92a0-c38bbed3b466.webp
Rolex Cosmograph Daytona,https://www.thewatchpages.com/watches/rolex-cosmograph-daytona-126515ln-0006/,https://cdn.thewatchpages.com/app/uploads/2023/04/27175126/rolex-cosmograph-daytona-126515ln-0006-800x1435.jpeg?width=200,Rolex,Cosmograph Daytona,,,Excelent ,rolex-oyster-perpetual-sea-dweller-m126603-800x1295.jpg-1be678f4-ea09-4761-92a0-c38bbed3b466.webp
Rolex Cosmograph Daytona,https://www.thewatchpages.com/watches/rolex-cosmograph-daytona-126509-0001/,https://cdn.thewatchpages.com/app/uploads/2023/04/27175113/rolex-cosmograph-daytona-126509-0001-800x1415.jpeg?width=200,Rolex,Cosmograph Daytona,,,Excelent ,rolex-oyster-perpetual-sea-dweller-m126603-800x1295.jpg-1be678f4-ea09-4761-92a0-c38bbed3b466.webp
Rolex Cosmograph Daytona,https://www.thewatchpages.com/watches/rolex-cosmograph-daytona-126508-0003/,https://cdn.thewatchpages.com/app/uploads/2023/04/27175108/rolex-cosmograph-daytona-126508-0003-800x1415.jpeg?width=200,Rolex,Cosmograph Daytona,,,Excelent ,rolex-oyster-perpetual-sea-dweller-m126603-800x1295.jpg-1be678f4-ea09-4761-92a0-c38bbed3b466.webp
Rolex Cosmograph Daytona,https://www.thewatchpages.com/watches/rolex-cosmograph-daytona-126506-0002/,https://cdn.thewatchpages.com/app/uploads/2023/04/27175040/rolex-cosmograph-daytona-126506-0002-800x1415.jpeg?width=200,Rolex,Cosmograph Daytona,,,Excelent ,rolex-oyster-perpetual-sea-dweller-m126603-800x1295.jpg-1be678f4-ea09-4761-92a0-c38bbed3b466.webp
Rolex Cosmograph Daytona,https://www.thewatchpages.com/watches/rolex-cosmograph-daytona-126506-0001/,https://cdn.thewatchpages.com/app/uploads/2023/04/27175035/rolex-cosmograph-daytona-126506-0001-800x1415.jpeg?width=200,Rolex,Cosmograph Daytona,,,Excelent ,rolex-oyster-perpetual-sea-dweller-m126603-800x1295.jpg-1be678f4-ea09-4761-92a0-c38bbed3b466.webp
Rolex Cosmograph Daytona,https://www.thewatchpages.com/watches/rolex-cosmograph-daytona-126505-0001/,https://cdn.thewatchpages.com/app/uploads/2023/04/27175011/rolex-cosmograph-daytona-126505-0001-800x1415.jpeg?width=200,Rolex,Cosmograph Daytona,,,Excelent ,rolex-oyster-perpetual-sea-dweller-m126603-800x1295.jpg-1be678f4-ea09-4761-92a0-c38bbed3b466.webp
Rolex Cosmograph Daytona,https://www.thewatchpages.com/watches/rolex-cosmograph-daytona-126505-0002/,https://cdn.thewatchpages.com/app/uploads/2023/04/27175029/rolex-cosmograph-daytona-126505-0002-800x1415.jpeg?width=200,Rolex,Cosmograph Daytona,,,Excelent ,rolex-oyster-perpetual-sea-dweller-m126603-800x1295.jpg-1be678f4-ea09-4761-92a0-c38bbed3b466.webp
Rolex Cosmograph Daytona,https://www.thewatchpages.com/watches/rolex-cosmograph-daytona-126503-0004/,https://cdn.thewatchpages.com/app/uploads/2023/04/27175005/rolex-cosmograph-daytona-126503-0004-800x1415.jpeg?width=200,Rolex,Cosmograph Daytona,,,Excelent ,rolex-oyster-perpetual-sea-dweller-m126603-800x1295.jpg-1be678f4-ea09-4761-92a0-c38bbed3b466.webp
Rolex Cosmograph Daytona,https://www.thewatchpages.com/watches/rolex-cosmograph-daytona-126503-0003/,https://cdn.thewatchpages.com/app/uploads/2023/04/27174959/rolex-cosmograph-daytona-126503-0003-800x1415.jpeg?width=200,Rolex,Cosmograph Daytona,,,Excelent ,rolex-oyster-perpetual-sea-dweller-m126603-800x1295.jpg-1be678f4-ea09-4761-92a0-c38bbed3b466.webp
Rolex Cosmograph Daytona,https://www.thewatchpages.com/watches/rolex-cosmograph-daytona-126503-0001/,https://cdn.thewatchpages.com/app/uploads/2023/04/27174936/rolex-cosmograph-daytona-126503-0001-800x1415.jpeg?width=200,Rolex,Cosmograph Daytona,,,Excelent ,rolex-oyster-perpetual-sea-dweller-m126603-800x1295.jpg-1be678f4-ea09-4761-92a0-c38bbed3b466.webp
Rolex Cosmograph Daytona,https://www.thewatchpages.com/watches/rolex-cosmograph-daytona-126500ln-0002/,https://cdn.thewatchpages.com/app/uploads/2023/04/27174930/rolex-cosmograph-daytona-126500ln-0002-800x1413.jpeg?width=200,Rolex,Cosmograph Daytona,,,Excelent ,rolex-oyster-perpetual-sea-dweller-m126603-800x1295.jpg-1be678f4-ea09-4761-92a0-c38bbed3b466.webp
Rolex Cosmograph Daytona,https://www.thewatchpages.com/watches/rolex-cosmograph-daytona-126500ln-0001/,https://cdn.thewatchpages.com/app/uploads/2023/04/27174912/rolex-cosmograph-daytona-126500ln-0001-800x1413.jpeg?width=200,Rolex,Cosmograph Daytona,,,Excelent ,rolex-oyster-perpetual-sea-dweller-m126603-800x1295.jpg-1be678f4-ea09-4761-92a0-c38bbed3b466.webp
Rolex Yacht-Master 42,https://www.thewatchpages.com/watches/rolex-yacht-master-42-226658-0001/,https://cdn.thewatchpages.com/app/uploads/2022/04/08111705/rolex-yacht-master-42-226658.jpg?width=200,Rolex,Yacht-Master,,42.0,Excelent ,rolex-oyster-perpetual-sea-dweller-m126603-800x1295.jpg-1be678f4-ea09-4761-92a0-c38bbed3b466.webp
Rolex GMT-Master II,https://www.thewatchpages.com/watches/rolex-gmt-master-ii-126720vtnr-0001/,https://cdn.thewatchpages.com/app/uploads/2022/04/08111616/rolex-gmt-master-ii-126720vtnr.jpg?width=200,Rolex,GMT-Master II,,,Excelent ,rolex-oyster-perpetual-sea-dweller-m126603-800x1295.jpg-1be678f4-ea09-4761-92a0-c38bbed3b466.webp
Rolex Day-Date 40,https://www.thewatchpages.com/watches/rolex-day-date-40-228236-0012/,https://cdn.thewatchpages.com/app/uploads/2022/04/08111640/rolex-day-date-40-228236.jpg?width=200,Rolex,Day-Date,,40.0,Excelent ,rolex-oyster-perpetual-sea-dweller-m126603-800x1295.jpg-1be678f4-ea09-4761-92a0-c38bbed3b466.webp
Rolex Datejust 31,https://www.thewatchpages.com/watches/rolex-datejust-31-278288rbr-0038/,https://cdn.thewatchpages.com/app/uploads/2022/04/08111752/rolex-datejust-31-278288rbr.jpg?width=200,Rolex,Datejust,,31.0,Excelent ,rolex-oyster-perpetual-sea-dweller-m126603-800x1295.jpg-1be678f4-ea09-4761-92a0-c38bbed3b466.webp
Rolex Datejust 31,https://www.thewatchpages.com/watches/rolex-datejust-31-278381rbr-0032/,https://cdn.thewatchpages.com/app/uploads/2022/04/08111755/rolex-datejust-31-278381rbr.jpg?width=200,Rolex,Datejust,,31.0,Excelent ,rolex-oyster-perpetual-sea-dweller-m126603-800x1295.jpg-1be678f4-ea09-4761-92a0-c38bbed3b466.webp
Rolex Datejust 31,https://www.thewatchpages.com/watches/rolex-datejust-31-278274-0035/,https://cdn.thewatchpages.com/app/uploads/2022/04/08111730/rolex-datejust-31-278274.jpg?width=200,Rolex,Datejust,,31.0,Excelent ,rolex-oyster-perpetual-sea-dweller-m126603-800x1295.jpg-1be678f4-ea09-4761-92a0-c38bbed3b466.webp
Rolex Air-King,https://www.thewatchpages.com/watches/rolex-air-king-126900-0001/,https://cdn.thewatchpages.com/app/uploads/2022/04/08111552/rolex-air-king-126900.jpg?width=200,Rolex,Air-King,,,Excelent ,rolex-oyster-perpetual-sea-dweller-m126603-800x1295.jpg-1be678f4-ea09-4761-92a0-c38bbed3b466.webp
Rolex Lady-Datejust,https://www.thewatchpages.com/watches/rolex-lady-datejust-279458rbr-0001/,https://cdn.thewatchpages.com/app/uploads/2021/04/13203204/rolex-lady-datejust-279458rbr-0001.jpg?width=200,Rolex,Lady-Datejust,,,Excelent ,rolex-oyster-perpetual-sea-dweller-m126603-800x1295.jpg-1be678f4-ea09-4761-92a0-c38bbed3b466.webp
Rolex Explorer II,https://www.thewatchpages.com/watches/rolex-explorer-ii-226570-0001/,https://cdn.thewatchpages.com/app/uploads/2021/04/13203205/rolex-explorer-ii-226570-0001.jpg?width=200,Rolex,Explorer II,,,Excelent ,rolex-oyster-perpetual-sea-dweller-m126603-800x1295.jpg-1be678f4-ea09-4761-92a0-c38bbed3b466.webp
Rolex Explorer,https://www.thewatchpages.com/watches/rolex-explorer-124273-0001/,https://cdn.thewatchpages.com/app/uploads/2021/04/13203206/rolex-explorer-124273-0001.jpg?width=200,Rolex,Explorer,,,Excelent ,rolex-oyster-perpetual-sea-dweller-m126603-800x1295.jpg-1be678f4-ea09-4761-92a0-c38bbed3b466.webp
Rolex Oyster Perpetual 41,https://www.thewatchpages.com/watches/rolex-oyster-perpetual-41-124300-0005/,https://cdn.thewatchpages.com/app/uploads/2020/10/13210427/rolex-oyster-perpetual-41-m124300-0005-800x1402.jpg?width=200,Rolex,Oyster Perpetual,,41.0,Excelent ,rolex-oyster-perpetual-sea-dweller-m126603-800x1295.jpg-1be678f4-ea09-4761-92a0-c38bbed3b466.webp
Rolex Oyster Perpetual 34,https://www.thewatchpages.com/watches/rolex-oyster-perpetual-34-124200-0003/,https://cdn.thewatchpages.com/app/uploads/2020/10/13210427/rolex-oyster-perpetual-34-m124200-0003-800x1532.jpg?width=200,Rolex,Oyster Perpetual,,34.0,Excelent ,rolex-oyster-perpetual-sea-dweller-m126603-800x1295.jpg-1be678f4-ea09-4761-92a0-c38bbed3b466.webp
Rolex Oyster Perpetual 34,https://www.thewatchpages.com/watches/rolex-oyster-perpetual-34-124200-0002/,https://cdn.thewatchpages.com/app/uploads/2020/10/13210427/rolex-oyster-perpetual-34-m124200-0002-800x1532.jpg?width=200,Rolex,Oyster Perpetual,,34.0,Excelent ,rolex-oyster-perpetual-sea-dweller-m126603-800x1295.jpg-1be678f4-ea09-4761-92a0-c38bbed3b466.webp
Rolex Oyster Perpetual 34,https://www.thewatchpages.com/watches/rolex-oyster-perpetual-34-124200-0001/,https://cdn.thewatchpages.com/app/uploads/2020/10/13210428/rolex-oyster-perpetual-34-m124200-0001-800x1532.jpg?width=200,Rolex,Oyster Perpetual,,34.0,Excelent ,rolex-oyster-perpetual-sea-dweller-m126603-800x1295.jpg-1be678f4-ea09-4761-92a0-c38bbed3b466.webp
Rolex Oyster Perpetual 31,https://www.thewatchpages.com/watches/rolex-oyster-perpetual-31-277200-0007/,https://cdn.thewatchpages.com/app/uploads/2020/10/13210426/rolex-oyster-perpetual-31-m277200-0007-800x1507.jpg?width=200,Rolex,Oyster Perpetual,,31.0,Excelent ,rolex-oyster-perpetual-sea-dweller-m126603-800x1295.jpg-1be678f4-ea09-4761-92a0-c38bbed3b466.webp
Rolex Oyster Perpetual 28,https://www.thewatchpages.com/watches/rolex-oyster-perpetual-28-276200-0002/,https://cdn.thewatchpages.com/app/uploads/2020/10/13210426/rolex-oyster-perpetual-28-m276200-0002.jpg?width=200,Rolex,Oyster Perpetual,,28.0,Excelent ,rolex-oyster-perpetual-sea-dweller-m126603-800x1295.jpg-1be678f4-ea09-4761-92a0-c38bbed3b466.webp
Rolex Oyster Perpetual 28,https://www.thewatchpages.com/watches/rolex-oyster-perpetual-28-276200-0003/,https://cdn.thewatchpages.com/app/uploads/2020/10/13210426/rolex-oyster-perpetual-28-m276200-0003.jpg?width=200,Rolex,Oyster Perpetual,,28.0,Excelent ,rolex-oyster-perpetual-sea-dweller-m126603-800x1295.jpg-1be678f4-ea09-4761-92a0-c38bbed3b466.webp
Rolex Oyster Perpetual 28,https://www.thewatchpages.com/watches/rolex-oyster-perpetual-28-276200-0001/,https://cdn.thewatchpages.com/app/uploads/2020/10/13210427/rolex-oyster-perpetual-28-m276200-0001.jpg?width=200,Rolex,Oyster Perpetual,,28.0,Excelent ,rolex-oyster-perpetual-sea-dweller-m126603-800x1295.jpg-1be678f4-ea09-4761-92a0-c38bbed3b466.webp
Rolex Oyster Perpetual 28,https://www.thewatchpages.com/watches/rolex-oyster-perpetual-28-276200-0004/,https://cdn.thewatchpages.com/app/uploads/2020/10/13210426/rolex-oyster-perpetual-28-m276200-0004.jpg?width=200,Rolex,Oyster Perpetual,,28.0,Excelent ,rolex-oyster-perpetual-sea-dweller-m126603-800x1295.jpg-1be678f4-ea09-4761-92a0-c38bbed3b466.webp
Rolex Datejust 41,https://www.thewatchpages.com/watches/rolex-datejust-41-126300-0007/,https://cdn.thewatchpages.com/app/uploads/2020/10/13210421/rolex-datejust-41-m126300-0007-800x1313.jpg?width=200,Rolex,Datejust,,41.0,Excelent ,rolex-oyster-perpetual-sea-dweller-m126603-800x1295.jpg-1be678f4-ea09-4761-92a0-c38bbed3b466.webp
Rolex Datejust 41,https://www.thewatchpages.com/watches/rolex-datejust-41-126303-0019/,https://cdn.thewatchpages.com/app/uploads/2020/10/13210420/rolex-datejust-41-m126303-0019-800x1328.jpg?width=200,Rolex,Datejust,,41.0,Excelent ,rolex-oyster-perpetual-sea-dweller-m126603-800x1295.jpg-1be678f4-ea09-4761-92a0-c38bbed3b466.webp
Rolex Datejust 41,https://www.thewatchpages.com/watches/rolex-datejust-41-126334-0022/,https://cdn.thewatchpages.com/app/uploads/2020/10/13210418/rolex-datejust-41-m126334-0022-800x1327.jpg?width=200,Rolex,Datejust,,41.0,Excelent ,rolex-oyster-perpetual-sea-dweller-m126603-800x1295.jpg-1be678f4-ea09-4761-92a0-c38bbed3b466.webp
Rolex Datejust 41,https://www.thewatchpages.com/watches/rolex-datejust-41-126334-0001/,https://cdn.thewatchpages.com/app/uploads/2020/10/13210418/rolex-datejust-41-m126334-0001-800x1325.jpg?width=200,Rolex,Datejust,,41.0,Excelent ,rolex-oyster-perpetual-sea-dweller-m126603-800x1295.jpg-1be678f4-ea09-4761-92a0-c38bbed3b466.webp
Rolex Datejust 41,https://www.thewatchpages.com/watches/rolex-datejust-41-126333-0011/,https://cdn.thewatchpages.com/app/uploads/2020/10/13210419/rolex-datejust-41-m126333-0011-800x1319.jpg?width=200,Rolex,Datejust,,41.0,Excelent ,rolex-oyster-perpetual-sea-dweller-m126603-800x1295.jpg-1be678f4-ea09-4761-92a0-c38bbed3b466.webp
Rolex Datejust 41,https://www.thewatchpages.com/watches/rolex-datejust-41-126331-0016/,https://cdn.thewatchpages.com/app/uploads/2020/10/13210420/rolex-datejust-41-m126331-0016-800x1327.jpg?width=200,Rolex,Datejust,,41.0,Excelent ,rolex-oyster-perpetual-sea-dweller-m126603-800x1295.jpg-1be678f4-ea09-4761-92a0-c38bbed3b466.webp
Rolex Datejust 41,https://www.thewatchpages.com/watches/rolex-datejust-41-126300-0006/,https://cdn.thewatchpages.com/app/uploads/2020/10/13210421/rolex-datejust-41-m126300-0006-800x1327.jpg?width=200,Rolex,Datejust,,41.0,Excelent ,rolex-oyster-perpetual-sea-dweller-m126603-800x1295.jpg-1be678f4-ea09-4761-92a0-c38bbed3b466.webp
Rolex Datejust 41,https://www.thewatchpages.com/watches/rolex-datejust-41-126333-0010/,https://cdn.thewatchpages.com/app/uploads/2020/10/13210420/rolex-datejust-41-m126333-0010-800x1326.jpg?width=200,Rolex,Datejust,,41.0,Excelent ,rolex-oyster-perpetual-sea-dweller-m126603-800x1295.jpg-1be678f4-ea09-4761-92a0-c38bbed3b466.webp
Rolex Datejust 41,https://www.thewatchpages.com/watches/rolex-datejust-41-126331-0007/,https://cdn.thewatchpages.com/app/uploads/2020/10/13210420/rolex-datejust-41-m126331-0007-800x1248.jpg?width=200,Rolex,Datejust,,41.0,Excelent ,rolex-oyster-perpetual-sea-dweller-m126603-800x1295.jpg-1be678f4-ea09-4761-92a0-c38bbed3b466.webp
Rolex Datejust 41,https://www.thewatchpages.com/watches/rolex-datejust-41-126301-0009/,https://cdn.thewatchpages.com/app/uploads/2020/10/13210421/rolex-datejust-41-m126301-0009-800x1287.jpg?width=200,Rolex,Datejust,,41.0,Excelent ,rolex-oyster-perpetual-sea-dweller-m126603-800x1295.jpg-1be678f4-ea09-4761-92a0-c38bbed3b466.webp
Rolex Datejust 41,https://www.thewatchpages.com/watches/rolex-datejust-41-126334-0016/,https://cdn.thewatchpages.com/app/uploads/2020/10/13210418/rolex-datejust-41-m126334-0016-800x1327.jpg?width=200,Rolex,Datejust,,41.0,Excelent ,rolex-oyster-perpetual-sea-dweller-m126603-800x1295.jpg-1be678f4-ea09-4761-92a0-c38bbed3b466.webp
Rolex Datejust 41,https://www.thewatchpages.com/watches/rolex-datejust-41-126334-0006/,https://cdn.thewatchpages.com/app/uploads/2020/10/13210418/rolex-datejust-41-m126334-0006-800x1327.jpg?width=200,Rolex,Datejust,,41.0,Excelent ,rolex-oyster-perpetual-sea-dweller-m126603-800x1295.jpg-1be678f4-ea09-4761-92a0-c38bbed3b466.webp
Rolex Datejust 36,https://www.thewatchpages.com/watches/rolex-datejust-36-126234-0032/,https://cdn.thewatchpages.com/app/uploads/2020/10/13210422/rolex-datejust-36-m126234-0032-800x1475.jpg?width=200,Rolex,Datejust,,36.0,Excelent ,rolex-oyster-perpetual-sea-dweller-m126603-800x1295.jpg-1be678f4-ea09-4761-92a0-c38bbed3b466.webp
Rolex Datejust 41,https://www.thewatchpages.com/watches/rolex-datejust-41-126331-0004/,https://cdn.thewatchpages.com/app/uploads/2020/10/13210420/rolex-datejust-41-m126331-0004-800x1327.jpg?width=200,Rolex,Datejust,,41.0,Excelent ,rolex-oyster-perpetual-sea-dweller-m126603-800x1295.jpg-1be678f4-ea09-4761-92a0-c38bbed3b466.webp
Rolex Datejust 36,https://www.thewatchpages.com/watches/rolex-datejust-36-126200-0002/,https://cdn.thewatchpages.com/app/uploads/2020/10/13210423/rolex-datejust-36-m126200-0002-800x1475.jpg?width=200,Rolex,Datejust,,36.0,Excelent ,rolex-oyster-perpetual-sea-dweller-m126603-800x1295.jpg-1be678f4-ea09-4761-92a0-c38bbed3b466.webp
Rolex Datejust 36,https://www.thewatchpages.com/watches/rolex-datejust-36-126201-0018/,https://cdn.thewatchpages.com/app/uploads/2020/10/13210423/rolex-datejust-36-m126201-0018-800x1475.jpg?width=200,Rolex,Datejust,,36.0,Excelent ,rolex-oyster-perpetual-sea-dweller-m126603-800x1295.jpg-1be678f4-ea09-4761-92a0-c38bbed3b466.webp
Rolex Datejust 36,https://www.thewatchpages.com/watches/rolex-datejust-36-126281rbr-0010/,https://cdn.thewatchpages.com/app/uploads/2020/10/13210422/rolex-datejust-36-m126281rbr-0010-800x1468.jpg?width=200,Rolex,Datejust,,36.0,Excelent ,rolex-oyster-perpetual-sea-dweller-m126603-800x1295.jpg-1be678f4-ea09-4761-92a0-c38bbed3b466.webp
Rolex Datejust 36,https://www.thewatchpages.com/watches/rolex-datejust-36-126284rbr-0013/,https://cdn.thewatchpages.com/app/uploads/2020/10/13210421/rolex-datejust-36-m126284rbr-0013-800x1453.jpg?width=200,Rolex,Datejust,,36.0,Excelent ,rolex-oyster-perpetual-sea-dweller-m126603-800x1295.jpg-1be678f4-ea09-4761-92a0-c38bbed3b466.webp
Rolex Datejust 36,https://www.thewatchpages.com/watches/rolex-datejust-36-126281rbr-0016/,https://cdn.thewatchpages.com/app/uploads/2020/10/13210422/rolex-datejust-36-m126281rbr-0016-800x1468.jpg?width=200,Rolex,Datejust,,36.0,Excelent ,rolex-oyster-perpetual-sea-dweller-m126603-800x1295.jpg-1be678f4-ea09-4761-92a0-c38bbed3b466.webp
Rolex Datejust 36,https://www.thewatchpages.com/watches/rolex-datejust-36-126283rbr-0012/,https://cdn.thewatchpages.com/app/uploads/2020/10/13210421/rolex-datejust-36-m126283rbr-0012-800x1476.jpg?width=200,Rolex,Datejust,,36.0,Excelent ,rolex-oyster-perpetual-sea-dweller-m126603-800x1295.jpg-1be678f4-ea09-4761-92a0-c38bbed3b466.webp
Rolex Datejust 36,https://www.thewatchpages.com/watches/rolex-datejust-36-126283rbr-0009/,https://cdn.thewatchpages.com/app/uploads/2020/10/13210422/rolex-datejust-36-m126283rbr-0009-800x1455.jpg?width=200,Rolex,Datejust,,36.0,Excelent ,rolex-oyster-perpetual-sea-dweller-m126603-800x1295.jpg-1be678f4-ea09-4761-92a0-c38bbed3b466.webp
Rolex Datejust 36,https://www.thewatchpages.com/watches/rolex-datejust-36-126231-0023/,https://cdn.thewatchpages.com/app/uploads/2020/10/13210423/rolex-datejust-36-m126231-0023-800x1447.jpg?width=200,Rolex,Datejust,,36.0,Excelent ,rolex-oyster-perpetual-sea-dweller-m126603-800x1295.jpg-1be678f4-ea09-4761-92a0-c38bbed3b466.webp
Rolex Datejust 36,https://www.thewatchpages.com/watches/rolex-datejust-36-126233-0032/,https://cdn.thewatchpages.com/app/uploads/2020/10/13210423/rolex-datejust-36-m126233-0032-800x1476.jpg?width=200,Rolex,Datejust,,36.0,Excelent ,rolex-oyster-perpetual-sea-dweller-m126603-800x1295.jpg-1be678f4-ea09-4761-92a0-c38bbed3b466.webp
Rolex Datejust 36,https://www.thewatchpages.com/watches/rolex-datejust-36-126233-0017/,https://cdn.thewatchpages.com/app/uploads/2020/10/13210423/rolex-datejust-36-m126233-0017-800x1455.jpg?width=200,Rolex,Datejust,,36.0,Excelent ,rolex-oyster-perpetual-sea-dweller-m126603-800x1295.jpg-1be678f4-ea09-4761-92a0-c38bbed3b466.webp
Rolex Datejust 31,https://www.thewatchpages.com/watches/rolex-datejust-31-278383rbr-0019/,https://cdn.thewatchpages.com/app/uploads/2020/10/13210414/rolex-datejust-31-m278383rbr-0019-800x1566.jpg?width=200,Rolex,Datejust,,31.0,Excelent ,rolex-oyster-perpetual-sea-dweller-m126603-800x1295.jpg-1be678f4-ea09-4761-92a0-c38bbed3b466.webp
Rolex Datejust 31,https://www.thewatchpages.com/watches/rolex-datejust-31-278289rbr-0018/,https://cdn.thewatchpages.com/app/uploads/2020/10/13210415/rolex-datejust-31-m278289rbr-0018-800x1541.jpg?width=200,Rolex,Datejust,,31.0,Excelent ,rolex-oyster-perpetual-sea-dweller-m126603-800x1295.jpg-1be678f4-ea09-4761-92a0-c38bbed3b466.webp
Rolex Datejust 31,https://www.thewatchpages.com/watches/rolex-datejust-31-278271-0024/,https://cdn.thewatchpages.com/app/uploads/2020/10/13210417/rolex-datejust-31-m278271-0024-800x1566.jpg?width=200,Rolex,Datejust,,31.0,Excelent ,rolex-oyster-perpetual-sea-dweller-m126603-800x1295.jpg-1be678f4-ea09-4761-92a0-c38bbed3b466.webp
Rolex Datejust 31,https://www.thewatchpages.com/watches/rolex-datejust-31-278344rbr-0023/,https://cdn.thewatchpages.com/app/uploads/2020/10/13210414/rolex-datejust-31-m278344rbr-0023-800x1563.jpg?width=200,Rolex,Datejust,,31.0,Excelent ,rolex-oyster-perpetual-sea-dweller-m126603-800x1295.jpg-1be678f4-ea09-4761-92a0-c38bbed3b466.webp
Rolex Datejust 31,https://www.thewatchpages.com/watches/rolex-datejust-31-278285rbr-0005/,https://cdn.thewatchpages.com/app/uploads/2020/10/13210416/rolex-datejust-31-m278285rbr-0005-800x1543.jpg?width=200,Rolex,Datejust,,31.0,Excelent ,rolex-oyster-perpetual-sea-dweller-m126603-800x1295.jpg-1be678f4-ea09-4761-92a0-c38bbed3b466.webp
Rolex Datejust 31,https://www.thewatchpages.com/watches/rolex-datejust-31-278343rbr-0018/,https://cdn.thewatchpages.com/app/uploads/2020/10/13210415/rolex-datejust-31-m278343rbr-0018-800x1566.jpg?width=200,Rolex,Datejust,,31.0,Excelent ,rolex-oyster-perpetual-sea-dweller-m126603-800x1295.jpg-1be678f4-ea09-4761-92a0-c38bbed3b466.webp
Rolex Datejust 31,https://www.thewatchpages.com/watches/rolex-datejust-31-278288rbr-0005/,https://cdn.thewatchpages.com/app/uploads/2020/10/13210416/rolex-datejust-31-m278288rbr-0005-800x1545.jpg?width=200,Rolex,Datejust,,31.0,Excelent ,rolex-oyster-perpetual-sea-dweller-m126603-800x1295.jpg-1be678f4-ea09-4761-92a0-c38bbed3b466.webp
Rolex Datejust 31,https://www.thewatchpages.com/watches/rolex-datejust-31-278241-0017/,https://cdn.thewatchpages.com/app/uploads/2020/10/13210417/rolex-datejust-31-m278241-0017-800x1566.jpg?width=200,Rolex,Datejust,,31.0,Excelent ,rolex-oyster-perpetual-sea-dweller-m126603-800x1295.jpg-1be678f4-ea09-4761-92a0-c38bbed3b466.webp
Rolex Datejust 31,https://www.thewatchpages.com/watches/rolex-datejust-31-278381rbr-0026/,https://cdn.thewatchpages.com/app/uploads/2020/10/13210414/rolex-datejust-31-m278381rbr-0026-800x1566.jpg?width=200,Rolex,Datejust,,31.0,Excelent ,rolex-oyster-perpetual-sea-dweller-m126603-800x1295.jpg-1be678f4-ea09-4761-92a0-c38bbed3b466.webp
Rolex Datejust 31,https://www.thewatchpages.com/watches/rolex-datejust-31-278289rbr-0006/,https://cdn.thewatchpages.com/app/uploads/2020/10/13210415/rolex-datejust-31-m278289rbr-0006-800x1554.jpg?width=200,Rolex,Datejust,,31.0,Excelent ,rolex-oyster-perpetual-sea-dweller-m126603-800x1295.jpg-1be678f4-ea09-4761-92a0-c38bbed3b466.webp
Rolex Datejust 31,https://www.thewatchpages.com/watches/rolex-datejust-31-278289rbr-0005/,https://cdn.thewatchpages.com/app/uploads/2020/10/13210415/rolex-datejust-31-m278289rbr-0005-800x1541.jpg?width=200,Rolex,Datejust,,31.0,Excelent ,rolex-oyster-perpetual-sea-dweller-m126603-800x1295.jpg-1be678f4-ea09-4761-92a0-c38bbed3b466.webp
Rolex Datejust 31,https://www.thewatchpages.com/watches/rolex-datejust-31-278278-0036/,https://cdn.thewatchpages.com/app/uploads/2020/10/13210416/rolex-datejust-31-m278278-0036-800x1545.jpg?width=200,Rolex,Datejust,,31.0,Excelent ,rolex-oyster-perpetual-sea-dweller-m126603-800x1295.jpg-1be678f4-ea09-4761-92a0-c38bbed3b466.webp
Rolex Datejust 31,https://www.thewatchpages.com/watches/rolex-datejust-31-278243-0001/,https://cdn.thewatchpages.com/app/uploads/2020/10/13210417/rolex-datejust-31-m278243-0001-800x1566.jpg?width=200,Rolex,Datejust,,31.0,Excelent ,rolex-oyster-perpetual-sea-dweller-m126603-800x1295.jpg-1be678f4-ea09-4761-92a0-c38bbed3b466.webp
Rolex Datejust 31,https://www.thewatchpages.com/watches/rolex-datejust-31-278240-0005/,https://cdn.thewatchpages.com/app/uploads/2020/10/13210418/rolex-datejust-31-m278240-0005-800x1558.jpg?width=200,Rolex,Datejust,,31.0,Excelent ,rolex-oyster-perpetual-sea-dweller-m126603-800x1295.jpg-1be678f4-ea09-4761-92a0-c38bbed3b466.webp
Rolex Yacht-Master 40,https://www.thewatchpages.com/watches/rolex-yacht-master-40-126622-0001/,https://cdn.thewatchpages.com/app/uploads/2020/10/13210431/rolex-yacht-master-40-m126622-0001-800x1305.jpg?width=200,Rolex,Yacht-Master,,40.0,Excelent ,rolex-oyster-perpetual-sea-dweller-m126603-800x1295.jpg-1be678f4-ea09-4761-92a0-c38bbed3b466.webp
Rolex Yacht-Master 40,https://www.thewatchpages.com/watches/rolex-yacht-master-40-126621-0001/,https://cdn.thewatchpages.com/app/uploads/2020/10/13210432/rolex-yacht-master-40-m126621-0001-800x1305.jpg?width=200,Rolex,Yacht-Master,,40.0,Excelent ,rolex-oyster-perpetual-sea-dweller-m126603-800x1295.jpg-1be678f4-ea09-4761-92a0-c38bbed3b466.webp
Rolex Yacht-Master 40,https://www.thewatchpages.com/watches/rolex-yacht-master-40-126655-0005/,https://cdn.thewatchpages.com/app/uploads/2020/10/13210431/rolex-yacht-master-40-m126655-0005-800x1295.jpg?width=200,Rolex,Yacht-Master,,40.0,Excelent ,rolex-oyster-perpetual-sea-dweller-m126603-800x1295.jpg-1be678f4-ea09-4761-92a0-c38bbed3b466.webp
Rolex Yacht-Master 37,https://www.thewatchpages.com/watches/rolex-yacht-master-37-268622-0002/,https://cdn.thewatchpages.com/app/uploads/2020/10/13210430/rolex-yacht-master-37-m268622-0002-800x1619.jpg?width=200,Rolex,Yacht-Master,,37.0,Excelent ,rolex-oyster-perpetual-sea-dweller-m126603-800x1295.jpg-1be678f4-ea09-4761-92a0-c38bbed3b466.webp
Rolex Yacht-Master 37,https://www.thewatchpages.com/watches/rolex-yacht-master-37-268621-0004/,https://cdn.thewatchpages.com/app/uploads/2020/10/13210430/rolex-yacht-master-37-m268621-0004-800x1619.jpg?width=200,Rolex,Yacht-Master,,37.0,Excelent ,rolex-oyster-perpetual-sea-dweller-m126603-800x1295.jpg-1be678f4-ea09-4761-92a0-c38bbed3b466.webp
Rolex GMT-Master II,https://www.thewatchpages.com/watches/rolex-gmt-master-ii-126711chnr-0002/,https://cdn.thewatchpages.com/app/uploads/2020/09/13211412/rolex-oyster-perpetual-gmt-master-ii-m126711chnr-0002-800x1284.jpg?width=200,Rolex,GMT-Master II,,,Excelent ,rolex-oyster-perpetual-sea-dweller-m126603-800x1295.jpg-1be678f4-ea09-4761-92a0-c38bbed3b466.webp
Rolex GMT-Master II,https://www.thewatchpages.com/watches/rolex-gmt-master-ii-126715chnr-0001/,https://cdn.thewatchpages.com/app/uploads/2020/09/13211411/rolex-oyster-perpetual-gmt-master-ii-m126715chnr-0001-800x1278.jpg?width=200,Rolex,GMT-Master II,,,Excelent ,rolex-oyster-perpetual-sea-dweller-m126603-800x1295.jpg-1be678f4-ea09-4761-92a0-c38bbed3b466.webp
Rolex GMT-Master II,https://www.thewatchpages.com/watches/rolex-gmt-master-ii-126719blro-0002/,https://cdn.thewatchpages.com/app/uploads/2020/09/13211411/rolex-oyster-perpetual-gmt-master-ii-m126719blro-0002-800x1286.jpg?width=200,Rolex,GMT-Master II,,,Excelent ,rolex-oyster-perpetual-sea-dweller-m126603-800x1295.jpg-1be678f4-ea09-4761-92a0-c38bbed3b466.webp
Rolex GMT-Master II,https://www.thewatchpages.com/watches/rolex-gmt-master-ii-126719blro-0003/,https://cdn.thewatchpages.com/app/uploads/2020/09/13211411/rolex-oyster-perpetual-gmt-master-ii-m126719blro-0003-800x1286.jpg?width=200,Rolex,GMT-Master II,,,Excelent ,rolex-oyster-perpetual-sea-dweller-m126603-800x1295.jpg-1be678f4-ea09-4761-92a0-c38bbed3b466.webp
Rolex GMT-Master II,https://www.thewatchpages.com/watches/rolex-gmt-master-ii-126710blro-0001/,https://cdn.thewatchpages.com/app/uploads/2020/09/13211412/rolex-oyster-perpetual-gmt-master-ii-m126710blro-0001-800x1307.jpg?width=200,Rolex,GMT-Master II,,,Excelent ,rolex-oyster-perpetual-sea-dweller-m126603-800x1295.jpg-1be678f4-ea09-4761-92a0-c38bbed3b466.webp
Rolex GMT-Master II,https://www.thewatchpages.com/watches/rolex-gmt-master-ii-126710blnr-0002/,https://cdn.thewatchpages.com/app/uploads/2020/09/13211412/rolex-oyster-perpetual-gmt-master-ii-m126710blnr-0002-800x1305.jpg?width=200,Rolex,GMT-Master II,,,Excelent ,rolex-oyster-perpetual-sea-dweller-m126603-800x1295.jpg-1be678f4-ea09-4761-92a0-c38bbed3b466.webp
Rolex Submariner Date,https://www.thewatchpages.com/watches/rolex-submariner-date-126618ln-0002/,https://cdn.thewatchpages.com/app/uploads/2020/09/13211424/rolex-oyster-perpetual-submariner-date-m126618ln-0002-800x1320.jpg?width=200,Rolex,Submariner Date,,,Excelent ,rolex-oyster-perpetual-sea-dweller-m126603-800x1295.jpg-1be678f4-ea09-4761-92a0-c38bbed3b466.webp
Rolex Submariner Date,https://www.thewatchpages.com/watches/rolex-submariner-date-126618lb-0002/,https://cdn.thewatchpages.com/app/uploads/2020/09/13211424/rolex-oyster-perpetual-submariner-date-m126618lb-0002-800x1317.jpg?width=200,Rolex,Submariner Date,,,Excelent ,rolex-oyster-perpetual-sea-dweller-m126603-800x1295.jpg-1be678f4-ea09-4761-92a0-c38bbed3b466.webp
Rolex Submariner Date,https://www.thewatchpages.com/watches/rolex-submariner-date-126613ln-0002/,https://cdn.thewatchpages.com/app/uploads/2020/09/13211424/rolex-oyster-perpetual-submariner-date-m126613ln-0002-800x1320.jpg?width=200,Rolex,Submariner Date,,,Excelent ,rolex-oyster-perpetual-sea-dweller-m126603-800x1295.jpg-1be678f4-ea09-4761-92a0-c38bbed3b466.webp
Rolex Submariner Date,https://www.thewatchpages.com/watches/rolex-submariner-date-126610ln-0001/,https://cdn.thewatchpages.com/app/uploads/2020/09/13211424/rolex-oyster-perpetual-submariner-date-m126610ln-0001-800x1304.jpg?width=200,Rolex,Submariner Date,,,Excelent ,rolex-oyster-perpetual-sea-dweller-m126603-800x1295.jpg-1be678f4-ea09-4761-92a0-c38bbed3b466.webp
Rolex Lady-Datejust,https://www.thewatchpages.com/watches/rolex-lady-datejust-279384rbr-0018/,https://cdn.thewatchpages.com/app/uploads/2020/09/13211503/rolex-oyster-perpetual-lady-datejust-m279384rbr-0018.jpg?width=200,Rolex,Lady-Datejust,,,Excelent ,rolex-oyster-perpetual-sea-dweller-m126603-800x1295.jpg-1be678f4-ea09-4761-92a0-c38bbed3b466.webp
Rolex Lady-Datejust,https://www.thewatchpages.com/watches/rolex-lady-datejust-279160-0013/,https://cdn.thewatchpages.com/app/uploads/2020/09/13211506/rolex-oyster-perpetual-lady-datejust-m279160-0013.jpg?width=200,Rolex,Lady-Datejust,,,Excelent ,rolex-oyster-perpetual-sea-dweller-m126603-800x1295.jpg-1be678f4-ea09-4761-92a0-c38bbed3b466.webp
Rolex Lady-Datejust,https://www.thewatchpages.com/watches/rolex-lady-datejust-279161-0017/,https://cdn.thewatchpages.com/app/uploads/2020/09/13211506/rolex-oyster-perpetual-lady-datejust-m279161-0017.jpg?width=200,Rolex,Lady-Datejust,,,Excelent ,rolex-oyster-perpetual-sea-dweller-m126603-800x1295.jpg-1be678f4-ea09-4761-92a0-c38bbed3b466.webp
Rolex Lady-Datejust,https://www.thewatchpages.com/watches/rolex-lady-datejust-279174-0020/,https://cdn.thewatchpages.com/app/uploads/2020/09/13211505/rolex-oyster-perpetual-lady-datejust-m279174-0020.jpg?width=200,Rolex,Lady-Datejust,,,Excelent ,rolex-oyster-perpetual-sea-dweller-m126603-800x1295.jpg-1be678f4-ea09-4761-92a0-c38bbed3b466.webp
Rolex Lady-Datejust,https://www.thewatchpages.com/watches/rolex-lady-datejust-279171-0016/,https://cdn.thewatchpages.com/app/uploads/2020/09/13211505/rolex-oyster-perpetual-lady-datejust-m279171-0016.jpg?width=200,Rolex,Lady-Datejust,,,Excelent ,rolex-oyster-perpetual-sea-dweller-m126603-800x1295.jpg-1be678f4-ea09-4761-92a0-c38bbed3b466.webp
Rolex Lady-Datejust,https://www.thewatchpages.com/watches/rolex-lady-datejust-279178-0030/,https://cdn.thewatchpages.com/app/uploads/2020/09/13211504/rolex-oyster-perpetual-lady-datejust-m279178-0030-800x1531.jpg?width=200,Rolex,Lady-Datejust,,,Excelent ,rolex-oyster-perpetual-sea-dweller-m126603-800x1295.jpg-1be678f4-ea09-4761-92a0-c38bbed3b466.webp
Rolex Lady-Datejust,https://www.thewatchpages.com/watches/rolex-lady-datejust-279175-0019/,https://cdn.thewatchpages.com/app/uploads/2020/09/13211504/rolex-oyster-perpetual-lady-datejust-m279175-0019-800x1500.jpg?width=200,Rolex,Lady-Datejust,,,Excelent ,rolex-oyster-perpetual-sea-dweller-m126603-800x1295.jpg-1be678f4-ea09-4761-92a0-c38bbed3b466.webp
Rolex Lady-Datejust,https://www.thewatchpages.com/watches/rolex-lady-datejust-279384rbr-0011/,https://cdn.thewatchpages.com/app/uploads/2020/09/13211503/rolex-oyster-perpetual-lady-datejust-m279384rbr-0011.jpg?width=200,Rolex,Lady-Datejust,,,Excelent ,rolex-oyster-perpetual-sea-dweller-m126603-800x1295.jpg-1be678f4-ea09-4761-92a0-c38bbed3b466.webp
Rolex Lady-Datejust,https://www.thewatchpages.com/watches/rolex-lady-datejust-279383rbr-0012/,https://cdn.thewatchpages.com/app/uploads/2020/09/13211504/rolex-oyster-perpetual-lady-datejust-m279383rbr-0012.jpg?width=200,Rolex,Lady-Datejust,,,Excelent ,rolex-oyster-perpetual-sea-dweller-m126603-800x1295.jpg-1be678f4-ea09-4761-92a0-c38bbed3b466.webp
Rolex Lady-Datejust,https://www.thewatchpages.com/watches/rolex-lady-datejust-279138rbr-0015/,https://cdn.thewatchpages.com/app/uploads/2020/09/13211506/rolex-oyster-perpetual-lady-datejust-m279138rbr-0015-800x1507.jpg?width=200,Rolex,Lady-Datejust,,,Excelent ,rolex-oyster-perpetual-sea-dweller-m126603-800x1295.jpg-1be678f4-ea09-4761-92a0-c38bbed3b466.webp
Rolex Lady-Datejust,https://www.thewatchpages.com/watches/rolex-lady-datejust-279163-0023/,https://cdn.thewatchpages.com/app/uploads/2020/09/13211506/rolex-oyster-perpetual-lady-datejust-m279163-0023.jpg?width=200,Rolex,Lady-Datejust,,,Excelent ,rolex-oyster-perpetual-sea-dweller-m126603-800x1295.jpg-1be678f4-ea09-4761-92a0-c38bbed3b466.webp
Rolex Lady-Datejust,https://www.thewatchpages.com/watches/rolex-lady-datejust-279138rbr-0006/,https://cdn.thewatchpages.com/app/uploads/2020/09/13211506/rolex-oyster-perpetual-lady-datejust-m279138rbr-0006-800x1506.jpg?width=200,Rolex,Lady-Datejust,,,Excelent ,rolex-oyster-perpetual-sea-dweller-m126603-800x1295.jpg-1be678f4-ea09-4761-92a0-c38bbed3b466.webp
Rolex Lady-Datejust,https://www.thewatchpages.com/watches/rolex-lady-datejust-279381rbr-0013/,https://cdn.thewatchpages.com/app/uploads/2020/09/13211504/rolex-oyster-perpetual-lady-datejust-m279381rbr-0013-800x1401.jpg?width=200,Rolex,Lady-Datejust,,,Excelent ,rolex-oyster-perpetual-sea-dweller-m126603-800x1295.jpg-1be678f4-ea09-4761-92a0-c38bbed3b466.webp
Rolex Lady-Datejust,https://www.thewatchpages.com/watches/rolex-lady-datejust-279173-0007/,https://cdn.thewatchpages.com/app/uploads/2020/09/13211505/rolex-oyster-perpetual-lady-datejust-m279173-0007.jpg?width=200,Rolex,Lady-Datejust,,,Excelent ,rolex-oyster-perpetual-sea-dweller-m126603-800x1295.jpg-1be678f4-ea09-4761-92a0-c38bbed3b466.webp
Rolex Lady-Datejust,https://www.thewatchpages.com/watches/rolex-lady-datejust-279135rbr-0021/,https://cdn.thewatchpages.com/app/uploads/2020/09/13211507/rolex-oyster-perpetual-lady-datejust-m279135rbr-0021-800x1506.jpg?width=200,Rolex,Lady-Datejust,,,Excelent ,rolex-oyster-perpetual-sea-dweller-m126603-800x1295.jpg-1be678f4-ea09-4761-92a0-c38bbed3b466.webp
Rolex Day-Date 40,https://www.thewatchpages.com/watches/rolex-day-date-40-228349rbr-0003/,https://cdn.thewatchpages.com/app/uploads/2020/09/13211510/rolex-oyster-perpetual-day-date-40-m228349rbr-0003-800x1368.jpg?width=200,Rolex,Day-Date 40,,40.0,Excelent ,rolex-oyster-perpetual-sea-dweller-m126603-800x1295.jpg-1be678f4-ea09-4761-92a0-c38bbed3b466.webp
Rolex Day-Date 40,https://www.thewatchpages.com/watches/rolex-day-date-40-228345rbr-0002/,https://cdn.thewatchpages.com/app/uploads/2020/09/13211510/rolex-oyster-perpetual-day-date-40-m228345rbr-0002-800x1359.jpg?width=200,Rolex,Day-Date 40,,40.0,Excelent ,rolex-oyster-perpetual-sea-dweller-m126603-800x1295.jpg-1be678f4-ea09-4761-92a0-c38bbed3b466.webp
Rolex Day-Date 40,https://www.thewatchpages.com/watches/rolex-day-date-40-228235-0032/,https://cdn.thewatchpages.com/app/uploads/2020/09/13211512/rolex-oyster-perpetual-day-date-40-m228235-0032-800x1359.jpg?width=200,Rolex,Day-Date 40,,40.0,Excelent ,rolex-oyster-perpetual-sea-dweller-m126603-800x1295.jpg-1be678f4-ea09-4761-92a0-c38bbed3b466.webp
Rolex Day-Date 40,https://www.thewatchpages.com/watches/rolex-day-date-40-228348rbr-0002/,https://cdn.thewatchpages.com/app/uploads/2020/09/13211510/rolex-oyster-perpetual-day-date-40-m228348rbr-0002-800x1359.jpg?width=200,Rolex,Day-Date 40,,40.0,Excelent ,rolex-oyster-perpetual-sea-dweller-m126603-800x1295.jpg-1be678f4-ea09-4761-92a0-c38bbed3b466.webp
Rolex Day-Date 40,https://www.thewatchpages.com/watches/rolex-day-date-40-228239-0007/,https://cdn.thewatchpages.com/app/uploads/2020/09/13211511/rolex-oyster-perpetual-day-date-40-m228239-0007-800x1363.jpg?width=200,Rolex,Day-Date 40,,40.0,Excelent ,rolex-oyster-perpetual-sea-dweller-m126603-800x1295.jpg-1be678f4-ea09-4761-92a0-c38bbed3b466.webp
Rolex Day-Date 40,https://www.thewatchpages.com/watches/rolex-day-date-40-228398tbr-0001/,https://cdn.thewatchpages.com/app/uploads/2020/09/13211509/rolex-oyster-perpetual-day-date-40-m228398tbr-0001-800x1359.jpg?width=200,Rolex,Day-Date 40,,40.0,Excelent ,rolex-oyster-perpetual-sea-dweller-m126603-800x1295.jpg-1be678f4-ea09-4761-92a0-c38bbed3b466.webp
Rolex Day-Date 40,https://www.thewatchpages.com/watches/rolex-day-date-40-228238-0006/,https://cdn.thewatchpages.com/app/uploads/2020/09/13211511/rolex-oyster-perpetual-day-date-40-m228238-0006-800x1359.jpg?width=200,Rolex,Day-Date 40,,40.0,Excelent ,rolex-oyster-perpetual-sea-dweller-m126603-800x1295.jpg-1be678f4-ea09-4761-92a0-c38bbed3b466.webp
Rolex Day-Date 40,https://www.thewatchpages.com/watches/rolex-day-date-40-228345rbr-0007/,https://cdn.thewatchpages.com/app/uploads/2020/09/13211510/rolex-oyster-perpetual-day-date-40-m228345rbr-0007-800x1359.jpg?width=200,Rolex,Day-Date 40,,40.0,Excelent ,rolex-oyster-perpetual-sea-dweller-m126603-800x1295.jpg-1be678f4-ea09-4761-92a0-c38bbed3b466.webp
Rolex Day-Date 40,https://www.thewatchpages.com/watches/rolex-day-date-40-228239-0033/,https://cdn.thewatchpages.com/app/uploads/2020/09/13211511/rolex-oyster-perpetual-day-date-40-m228239-0033-800x1363.jpg?width=200,Rolex,Day-Date 40,,40.0,Excelent ,rolex-oyster-perpetual-sea-dweller-m126603-800x1295.jpg-1be678f4-ea09-4761-92a0-c38bbed3b466.webp
Rolex Day-Date 40,https://www.thewatchpages.com/watches/rolex-day-date-40-228349rbr-0040/,https://cdn.thewatchpages.com/app/uploads/2020/09/13211509/rolex-oyster-perpetual-day-date-40-m228349rbr-0040-800x1368.jpg?width=200,Rolex,Day-Date 40,,40.0,Excelent ,rolex-oyster-perpetual-sea-dweller-m126603-800x1295.jpg-1be678f4-ea09-4761-92a0-c38bbed3b466.webp
Rolex Day-Date 40,https://www.thewatchpages.com/watches/rolex-day-date-40-228396tbr-0002/,https://cdn.thewatchpages.com/app/uploads/2020/09/13211509/rolex-oyster-perpetual-day-date-40-m228396tbr-0002-800x1363.jpg?width=200,Rolex,Day-Date 40,,40.0,Excelent ,rolex-oyster-perpetual-sea-dweller-m126603-800x1295.jpg-1be678f4-ea09-4761-92a0-c38bbed3b466.webp
Rolex Day-Date 40,https://www.thewatchpages.com/watches/rolex-day-date-40-228235-0025/,https://cdn.thewatchpages.com/app/uploads/2020/09/13211512/rolex-oyster-perpetual-day-date-40-m228235-0025-800x1359.jpg?width=200,Rolex,Day-Date 40,,40.0,Excelent ,rolex-oyster-perpetual-sea-dweller-m126603-800x1295.jpg-1be678f4-ea09-4761-92a0-c38bbed3b466.webp
Rolex Day-Date 40,https://www.thewatchpages.com/watches/rolex-day-date-40-228238-0042/,https://cdn.thewatchpages.com/app/uploads/2020/09/13211511/rolex-oyster-perpetual-day-date-40-m228238-0042-800x1359.jpg?width=200,Rolex,Day-Date 40,,40.0,Excelent ,rolex-oyster-perpetual-sea-dweller-m126603-800x1295.jpg-1be678f4-ea09-4761-92a0-c38bbed3b466.webp
Rolex Day-Date 36,https://www.thewatchpages.com/watches/rolex-day-date-36-128349rbr-0008/,https://cdn.thewatchpages.com/app/uploads/2020/09/13211513/rolex-oyster-perpetual-day-date-36-m128349rbr-0008-800x1473.jpg?width=200,Rolex,Day-Date 36,,36.0,Excelent ,rolex-oyster-perpetual-sea-dweller-m126603-800x1295.jpg-1be678f4-ea09-4761-92a0-c38bbed3b466.webp
Rolex Day-Date 36,https://www.thewatchpages.com/watches/rolex-day-date-36-128349rbr-0012/,https://cdn.thewatchpages.com/app/uploads/2020/09/13211512/rolex-oyster-perpetual-day-date-36-m128349rbr-0012-800x1501.jpg?width=200,Rolex,Day-Date 36,,36.0,Excelent ,rolex-oyster-perpetual-sea-dweller-m126603-800x1295.jpg-1be678f4-ea09-4761-92a0-c38bbed3b466.webp
Rolex Day-Date 36,https://www.thewatchpages.com/watches/rolex-day-date-36-128348rbr-0037/,https://cdn.thewatchpages.com/app/uploads/2020/09/13211513/rolex-oyster-perpetual-day-date-36-m128348rbr-0037-800x1485.jpg?width=200,Rolex,Day-Date 36,,36.0,Excelent ,rolex-oyster-perpetual-sea-dweller-m126603-800x1295.jpg-1be678f4-ea09-4761-92a0-c38bbed3b466.webp
Rolex Day-Date 36,https://www.thewatchpages.com/watches/rolex-day-date-36-128238-0008/,https://cdn.thewatchpages.com/app/uploads/2020/09/13211513/rolex-oyster-perpetual-day-date-36-m128238-0008-800x1486.jpg?width=200,Rolex,Day-Date 36,,36.0,Excelent ,rolex-oyster-perpetual-sea-dweller-m126603-800x1295.jpg-1be678f4-ea09-4761-92a0-c38bbed3b466.webp
Rolex Day-Date 36,https://www.thewatchpages.com/watches/rolex-day-date-36-128345rbr-0028/,https://cdn.thewatchpages.com/app/uploads/2020/09/13211513/rolex-oyster-perpetual-day-date-36-m128345rbr-0028-800x1485.jpg?width=200,Rolex,Day-Date 36,,36.0,Excelent ,rolex-oyster-perpetual-sea-dweller-m126603-800x1295.jpg-1be678f4-ea09-4761-92a0-c38bbed3b466.webp
Rolex Day-Date 36,https://www.thewatchpages.com/watches/rolex-day-date-36-128235-0009/,https://cdn.thewatchpages.com/app/uploads/2020/09/13211514/rolex-oyster-perpetual-day-date-36-m128235-0009-800x1485.jpg?width=200,Rolex,Day-Date 36,,36.0,Excelent ,rolex-oyster-perpetual-sea-dweller-m126603-800x1295.jpg-1be678f4-ea09-4761-92a0-c38bbed3b466.webp
Rolex Oyster Perpetual 41,https://www.thewatchpages.com/watches/rolex-oyster-perpetual-41-124300-0001/,https://cdn.thewatchpages.com/app/uploads/2020/09/13211516/rolex-oyster-perpetual-41-m124300-0001-800x1402.jpg?width=200,Rolex,Oyster Perpetual 41,Stainless Steel,41.0,Excelent ,rolex-oyster-perpetual-sea-dweller-m126603-800x1295.jpg-1be678f4-ea09-4761-92a0-c38bbed3b466.webp
Rolex Oyster Perpetual 41,https://www.thewatchpages.com/watches/rolex-oyster-perpetual-41-124300-0002/,https://cdn.thewatchpages.com/app/uploads/2020/09/13211515/rolex-oyster-perpetual-41-m124300-0002-800x1402.jpg?width=200,Rolex,Oyster Perpetual 41,Stainless Steel,41.0,Excelent ,rolex-oyster-perpetual-sea-dweller-m126603-800x1295.jpg-1be678f4-ea09-4761-92a0-c38bbed3b466.webp
Rolex Oyster Perpetual 36,https://www.thewatchpages.com/watches/rolex-oyster-perpetual-36-126000-0006/,https://cdn.thewatchpages.com/app/uploads/2020/09/13211515/rolex-oyster-perpetual-36-m126000-0006-800x1489.jpg?width=200,Rolex,Oyster Perpetual 36,Stainless Steel,36.0,Excelent ,rolex-oyster-perpetual-sea-dweller-m126603-800x1295.jpg-1be678f4-ea09-4761-92a0-c38bbed3b466.webp
Rolex Oyster Perpetual 36,https://www.thewatchpages.com/watches/rolex-oyster-perpetual-36-126000-0005/,https://cdn.thewatchpages.com/app/uploads/2020/09/13211514/rolex-oyster-perpetual-36-m126000-0005-800x1489.jpg?width=200,Rolex,Oyster Perpetual 36,Stainless Steel,36.0,Excelent ,rolex-oyster-perpetual-sea-dweller-m126603-800x1295.jpg-1be678f4-ea09-4761-92a0-c38bbed3b466.webp
Rolex Oyster Perpetual 36,https://www.thewatchpages.com/watches/rolex-oyster-perpetual-36-126000-0008/,https://cdn.thewatchpages.com/app/uploads/2020/09/13211515/rolex-oyster-perpetual-36-m126000-0008-800x1489.jpg?width=200,Rolex,Oyster Perpetual 36,Stainless Steel,36.0,Excelent ,rolex-oyster-perpetual-sea-dweller-m126603-800x1295.jpg-1be678f4-ea09-4761-92a0-c38bbed3b466.webp
Rolex Datejust 31,https://www.thewatchpages.com/watches/rolex-datejust-31-278274-0009/,https://cdn.thewatchpages.com/app/uploads/2020/09/13211516/rolex-oyster-perpetual-datejust-31-m278274-0009-800x1533.jpg?width=200,Rolex,Datejust 31,,31.0,Excelent ,rolex-oyster-perpetual-sea-dweller-m126603-800x1295.jpg-1be678f4-ea09-4761-92a0-c38bbed3b466.webp
Rolex Datejust 31,https://www.thewatchpages.com/watches/rolex-datejust-31-278274-0016/,https://cdn.thewatchpages.com/app/uploads/2020/09/13211516/rolex-oyster-perpetual-datejust-31-m278274-0016-800x1550.jpg?width=200,Rolex,Datejust 31,,31.0,Excelent ,rolex-oyster-perpetual-sea-dweller-m126603-800x1295.jpg-1be678f4-ea09-4761-92a0-c38bbed3b466.webp
Rolex Datejust 31,https://www.thewatchpages.com/watches/rolex-datejust-31-278274-0018/,https://cdn.thewatchpages.com/app/uploads/2020/09/13211516/rolex-oyster-perpetual-datejust-31-m278274-0018-800x1566.jpg?width=200,Rolex,Datejust 31,,31.0,Excelent ,rolex-oyster-perpetual-sea-dweller-m126603-800x1295.jpg-1be678f4-ea09-4761-92a0-c38bbed3b466.webp
Rolex Datejust 31,https://www.thewatchpages.com/watches/rolex-datejust-31-278384rbr-0029/,https://cdn.thewatchpages.com/app/uploads/2020/09/13211516/rolex-oyster-perpetual-datejust-31-m278384rbr-0029-800x1558.jpg?width=200,Rolex,Datejust 31,,31.0,Excelent ,rolex-oyster-perpetual-sea-dweller-m126603-800x1295.jpg-1be678f4-ea09-4761-92a0-c38bbed3b466.webp
Rolex Submariner Date,https://www.thewatchpages.com/watches/rolex-submariner-date-126619lb-0003/,https://cdn.thewatchpages.com/app/uploads/2020/09/13211517/rolex-oyster-perpetual-submariner-date-m126619lb-0003-800x1309.jpg?width=200,Rolex,Submariner Date,,,Excelent ,rolex-oyster-perpetual-sea-dweller-m126603-800x1295.jpg-1be678f4-ea09-4761-92a0-c38bbed3b466.webp
Rolex Submariner Date,https://www.thewatchpages.com/watches/rolex-submariner-date-126613lb-0002/,https://cdn.thewatchpages.com/app/uploads/2020/09/13211517/rolex-oyster-perpetual-submariner-date-m126613lb-0002-800x1320.jpg?width=200,Rolex,Submariner Date,,,Excelent ,rolex-oyster-perpetual-sea-dweller-m126603-800x1295.jpg-1be678f4-ea09-4761-92a0-c38bbed3b466.webp
Rolex Submariner Date,https://www.thewatchpages.com/watches/rolex-submariner-date-126610lv-0002/,https://cdn.thewatchpages.com/app/uploads/2020/09/13211517/rolex-oyster-perpetual-submariner-date-m126610lv-0002-800x1304.jpg?width=200,Rolex,Submariner Date,,,Excelent ,rolex-oyster-perpetual-sea-dweller-m126603-800x1295.jpg-1be678f4-ea09-4761-92a0-c38bbed3b466.webp
Rolex Submariner,https://www.thewatchpages.com/watches/rolex-submariner-124060-0001/,https://cdn.thewatchpages.com/app/uploads/2020/09/13211519/rolex-oyster-perpetual-submariner-m124060-0001-800x1303.jpg?width=200,Rolex,Submariner,Stainless Steel,,Excelent ,rolex-oyster-perpetual-sea-dweller-m126603-800x1295.jpg-1be678f4-ea09-4761-92a0-c38bbed3b466.webp
Rolex Yacht-Master 42,https://www.thewatchpages.com/watches/rolex-yacht-master-42-226659-0002/,https://cdn.thewatchpages.com/app/uploads/2019/06/13221532/rolex-oyster-perpetual-yacht-master-42-m226659-800x1320.jpg?width=200,Rolex,Yacht-Master 42,,42.0,Excelent ,rolex-oyster-perpetual-sea-dweller-m126603-800x1295.jpg-1be678f4-ea09-4761-92a0-c38bbed3b466.webp
Rolex Sea-Dweller,https://www.thewatchpages.com/watches/rolex-sea-dweller-126603-0001/,https://cdn.thewatchpages.com/app/uploads/2019/06/13221531/rolex-oyster-perpetual-sea-dweller-m126603-800x1295.jpg?width=200,Rolex,Sea-Dweller,,,Excelent ,rolex-oyster-perpetual-sea-dweller-m126603-800x1295.jpg-1be678f4-ea09-4761-92a0-c38bbed3b466.webp
Rolex Day-Date 36,https://www.thewatchpages.com/watches/rolex-day-date-36-128235-0037/,https://cdn.thewatchpages.com/app/uploads/2019/06/13221530/rolex-oyster-perpetual-day-date-36-m128235-800x1484.jpg?width=200,Rolex,Day-Date 36,,36.0,Excelent ,rolex-oyster-perpetual-sea-dweller-m126603-800x1295.jpg-1be678f4-ea09-4761-92a0-c38bbed3b466.webp
Rolex Day-Date 36,https://www.thewatchpages.com/watches/rolex-day-date-36-128238-0069/,https://cdn.thewatchpages.com/app/uploads/2019/06/13221531/rolex-oyster-perpetual-day-date-36-m128238-800x1484.jpg?width=200,Rolex,Day-Date 36,,36.0,Excelent ,rolex-oyster-perpetual-sea-dweller-m126603-800x1295.jpg-1be678f4-ea09-4761-92a0-c38bbed3b466.webp
Rolex Datejust 36,https://www.thewatchpages.com/watches/rolex-datejust-36-126284rbr-0012/,https://cdn.thewatchpages.com/app/uploads/2019/06/13221530/rolex-oyster-perpetual-datejust-36-m126284rbr-800x1468.jpg?width=200,Rolex,Datejust 36,,36.0,Excelent ,rolex-oyster-perpetual-sea-dweller-m126603-800x1295.jpg-1be678f4-ea09-4761-92a0-c38bbed3b466.webp
Rolex Datejust 36,https://www.thewatchpages.com/watches/rolex-datejust-36-126234-0015/,https://cdn.thewatchpages.com/app/uploads/2019/06/13221530/rolex-oyster-perpetual-datejust-36-m126234-800x1468.jpg?width=200,Rolex,Datejust 36,,36.0,Excelent ,rolex-oyster-perpetual-sea-dweller-m126603-800x1295.jpg-1be678f4-ea09-4761-92a0-c38bbed3b466.webp
Rolex Datejust 31,https://www.thewatchpages.com/watches/rolex-datejust-31-278271-0005/,https://cdn.thewatchpages.com/app/uploads/2019/06/13221530/rolex-oyster-perpetual-datejust-31-m278271-800x1551.jpg?width=200,Rolex,Datejust 31,,31.0,Excelent ,rolex-oyster-perpetual-sea-dweller-m126603-800x1295.jpg-1be678f4-ea09-4761-92a0-c38bbed3b466.webp
Rolex Datejust 31,https://www.thewatchpages.com/watches/rolex-datejust-31-278273-0016/,https://cdn.thewatchpages.com/app/uploads/2019/06/13221525/rolex-oyster-perpetual-datejust-31-m278273-800x1562.jpg?width=200,Rolex,Datejust 31,,31.0,Excelent ,rolex-oyster-perpetual-sea-dweller-m126603-800x1295.jpg-1be678f4-ea09-4761-92a0-c38bbed3b466.webp
Rolex Oyster Perpetual Submariner Date,https://www.thewatchpages.com/watches/rolex-oyster-perpetual-submariner-date-7-2/,https://cdn.thewatchpages.com/app/uploads/2019/06/13221527/rolex-oyster-perpetual-submariner-date-m116619lb-800x1292.jpg?width=200,Rolex,Oyster Perpetual Submariner Date,,,Discontinued,rolex-oyster-perpetual-sea-dweller-m126603-800x1295.jpg-1be678f4-ea09-4761-92a0-c38bbed3b466.webp
Rolex Oyster Perpetual Submariner Date,https://www.thewatchpages.com/watches/rolex-oyster-perpetual-submariner-date-6-2/,https://cdn.thewatchpages.com/app/uploads/2019/06/13221525/rolex-oyster-perpetual-submariner-date-m116618lb-800x1292.jpg?width=200,Rolex,Oyster Perpetual Submariner Date,,,Discontinued,rolex-oyster-perpetual-sea-dweller-m126603-800x1295.jpg-1be678f4-ea09-4761-92a0-c38bbed3b466.webp
Rolex Oyster Perpetual Submariner Date,https://www.thewatchpages.com/watches/rolex-oyster-perpetual-submariner-date-4-2/,https://cdn.thewatchpages.com/app/uploads/2019/06/13221527/rolex-oyster-perpetual-submariner-date-m116618ln-800x1292.jpg?width=200,Rolex,Oyster Perpetual Submariner Date,,,Discontinued,rolex-oyster-perpetual-sea-dweller-m126603-800x1295.jpg-1be678f4-ea09-4761-92a0-c38bbed3b466.webp
Rolex Oyster Perpetual Submariner Date,https://www.thewatchpages.com/watches/rolex-oyster-perpetual-submariner-date-5-2/,https://cdn.thewatchpages.com/app/uploads/2019/06/13221527/rolex-oyster-perpetual-submariner-date-m116613lb-800x1309.jpg?width=200,Rolex,Oyster Perpetual Submariner Date,,,Discontinued,rolex-oyster-perpetual-sea-dweller-m126603-800x1295.jpg-1be678f4-ea09-4761-92a0-c38bbed3b466.webp
Rolex Oyster Perpetual Submariner Date,https://www.thewatchpages.com/watches/rolex-oyster-perpetual-submariner-date-3-2/,https://cdn.thewatchpages.com/app/uploads/2019/06/13221527/rolex-oyster-perpetual-submariner-date-m116613ln-800x1309.jpg?width=200,Rolex,Oyster Perpetual Submariner Date,,,Discontinued,rolex-oyster-perpetual-sea-dweller-m126603-800x1295.jpg-1be678f4-ea09-4761-92a0-c38bbed3b466.webp
Rolex Oyster Perpetual Submariner Date,https://www.thewatchpages.com/watches/rolex-oyster-perpetual-submariner-date-2-2/,https://cdn.thewatchpages.com/app/uploads/2019/06/13221527/rolex-oyster-perpetual-submariner-date-m116610lv-800x1300.jpg?width=200,Rolex,Oyster Perpetual Submariner Date,,,Discontinued,rolex-oyster-perpetual-sea-dweller-m126603-800x1295.jpg-1be678f4-ea09-4761-92a0-c38bbed3b466.webp
Rolex Oyster Perpetual Submariner Date,https://www.thewatchpages.com/watches/rolex-oyster-perpetual-submariner-date-8/,https://cdn.thewatchpages.com/app/uploads/2019/06/13221528/rolex-oyster-perpetual-submariner-date-m116610ln-800x1300.jpg?width=200,Rolex,Oyster Perpetual Submariner Date,,,Discontinued,rolex-oyster-perpetual-sea-dweller-m126603-800x1295.jpg-1be678f4-ea09-4761-92a0-c38bbed3b466.webp
Rolex Yacht-Master II,https://www.thewatchpages.com/watches/rolex-yacht-master-ii-2-2/,https://cdn.thewatchpages.com/app/uploads/2019/06/13221529/rolex-yacht-master-ii-m116688-800x1265.jpg?width=200,Rolex,Yacht-Master II,,,Discontinued,rolex-oyster-perpetual-sea-dweller-m126603-800x1295.jpg-1be678f4-ea09-4761-92a0-c38bbed3b466.webp
Rolex Yacht-Master II,https://www.thewatchpages.com/watches/rolex-yacht-master-ii-3/,https://cdn.thewatchpages.com/app/uploads/2019/06/13221529/rolex-yacht-master-ii-m116680-800x1265.jpg?width=200,Rolex,Yacht-Master II,,,Discontinued,rolex-oyster-perpetual-sea-dweller-m126603-800x1295.jpg-1be678f4-ea09-4761-92a0-c38bbed3b466.webp
Rolex Yacht-Master II,https://www.thewatchpages.com/watches/rolex-yacht-master-ii-116689-0002/,https://cdn.thewatchpages.com/app/uploads/2020/10/13210432/rolex-yacht-master-ii-m116689-0002-800x1271.jpg?width=200,Rolex,Yacht-Master II,,,Discontinued,rolex-oyster-perpetual-sea-dweller-m126603-800x1295.jpg-1be678f4-ea09-4761-92a0-c38bbed3b466.webp
Rolex Yacht-Master II,https://www.thewatchpages.com/watches/rolex-yacht-master-ii-116681-0002/,https://cdn.thewatchpages.com/app/uploads/2020/10/13210432/rolex-yacht-master-ii-m116681-0002-800x1262.jpg?width=200,Rolex,Yacht-Master II,,,Discontinued,rolex-oyster-perpetual-sea-dweller-m126603-800x1295.jpg-1be678f4-ea09-4761-92a0-c38bbed3b466.webp
Rolex Yacht-Master II,https://www.thewatchpages.com/watches/rolex-yacht-master-ii-116688-0002/,https://cdn.thewatchpages.com/app/uploads/2019/06/13221529/rolex-yacht-master-ii-m116688-800x1265.jpg?width=200,Rolex,Yacht-Master II,,,Discontinued,rolex-oyster-perpetual-sea-dweller-m126603-800x1295.jpg-1be678f4-ea09-4761-92a0-c38bbed3b466.webp
Rolex Yacht-Master 40,https://www.thewatchpages.com/watches/rolex-yacht-master-40-126679-sabr-0002/,https://cdn.thewatchpages.com/app/uploads/2022/04/08111757/rolex-yacht-master-40-126679-sabr.jpg?width=200,Rolex,Yacht-Master 40,,40.0,Discontinued,rolex-oyster-perpetual-sea-dweller-m126603-800x1295.jpg-1be678f4-ea09-4761-92a0-c38bbed3b466.webp
Rolex Yacht-Master II,https://www.thewatchpages.com/watches/rolex-yacht-master-ii-116680-0002/,https://cdn.thewatchpages.com/app/uploads/2019/06/13221529/rolex-yacht-master-ii-m116680-800x1265.jpg?width=200,Rolex,Yacht-Master II,,,Discontinued,rolex-oyster-perpetual-sea-dweller-m126603-800x1295.jpg-1be678f4-ea09-4761-92a0-c38bbed3b466.webp
Rolex Yacht-Master 37,https://www.thewatchpages.com/watches/rolex-yacht-master-37-268655-0016/,https://cdn.thewatchpages.com/app/uploads/2023/04/27175416/rolex-yacht-master-37-268655-0016-800x1468.jpeg?width=200,Rolex,Yacht-Master 37,,37.0,Discontinued,rolex-oyster-perpetual-sea-dweller-m126603-800x1295.jpg-1be678f4-ea09-4761-92a0-c38bbed3b466.webp
Rolex Sky-Dweller,https://www.thewatchpages.com/watches/rolex-sky-dweller-326933-0002/,https://cdn.thewatchpages.com/app/uploads/2020/09/13211508/rolex-oyster-perpetual-sky-dweller-m326933-0002-800x1300.jpg?width=200,Rolex,Sky-Dweller,,,Discontinued,rolex-oyster-perpetual-sea-dweller-m126603-800x1295.jpg-1be678f4-ea09-4761-92a0-c38bbed3b466.webp
Rolex Sky-Dweller,https://www.thewatchpages.com/watches/rolex-sky-dweller-326938-0005/,https://cdn.thewatchpages.com/app/uploads/2020/09/13211507/rolex-oyster-perpetual-sky-dweller-m326938-0005-800x1280.jpg?width=200,Rolex,Sky-Dweller,,,Discontinued,rolex-oyster-perpetual-sea-dweller-m126603-800x1295.jpg-1be678f4-ea09-4761-92a0-c38bbed3b466.webp
