brand,model,condition,case_material,mm,image
Rolex,Sky-Dweller,Excelent ,N/A,N/A,rolex-sky-dweller-m336938-0008.png
Rolex,Cosmograph Daytona,Excelent ,N/A,N/A,rolex-cosmograph-daytona-126518ln-0014.png
Rolex,GMT-Master II,Excelent ,N/A,N/A,rolex-gmt-master-ii-126715chnr-0002.png
Rolex,1908,Excelent ,N/A,N/A,rolex-1908-52508-0008.png
Rolex,Datejust,Excelent ,N/A,31,rolex-datejust-31-278288rbr-0041.png
Rolex,Oyster Perpetual,Excelent ,N/A,41,rolex-oyster-perpetual-41-134300-0006.png
Rolex,Oyster Perpetual,Excelent ,N/A,36,rolex-oyster-perpetual-36-126000-0012.png
Rolex,Oyster Perpetual,Excelent ,N/A,28,rolex-oyster-perpetual-28-276200-0008.png
Rolex,GMT-Master II,Excelent ,N/A,N/A,rolex-gmt-master-ii-126729vtnr-0001.png
Rolex,Land-Dweller,Excelent ,N/A,36,rolex-land-dweller-36-127286tbr-0001-800x1521.png
Rolex,Land-Dweller,Excelent ,N/A,36,rolex-land-dweller-36-127236-0001-800x1521.png
Rolex,Land-Dweller,Excelent ,N/A,36,rolex-land-dweller-36-127234-0001-800x1523.png
Rolex,Land-Dweller,Excelent ,N/A,36,rolex-land-dweller-36-127285tbr-0002.png
Rolex,Land-Dweller,Excelent ,N/A,40,rolex-land-dweller-40-127385tbr-0003-800x1427.png
Rolex,Land-Dweller,Excelent ,N/A,36,rolex-land-dweller-36-127335-0001-800x1438.png
Rolex,Land-Dweller,Excelent ,N/A,40,rolex-land-dweller-40-127386tbr-0001-800x1427.png
Rolex,Land-Dweller,Excelent ,N/A,40,rolex-land-dweller-40-127235-0001-800x1520.png
Rolex,Land-Dweller,Excelent ,N/A,40,rolex-land-dweller-40-127334-0001.png
Rolex,Land-Dweller,Excelent ,N/A,40,rolex-land-dweller-40-127336-0001.png
Rolex,Sky-Dweller,Excelent ,N/A,N/A,rolex-sky-dweller-336938-0006.png
Rolex,Sky-Dweller,Excelent ,N/A,N/A,rolex-sky-dweller-336935-0008.png
Rolex,1908,Excelent ,N/A,N/A,rolex-perpetual-1908-52506-0002.png
Rolex,Oyster Perpetual Day-Date,Excelent ,N/A,40,rolex-oyster-perpetual-day-date-40-228239-0078-800x1465.png
Rolex,Oyster Perpetual Day-Date,Excelent ,N/A,40,rolex-oyster-perpetual-day-date-40-228239-0076.png
Rolex,Oyster Perpetual Day-Date,Excelent ,N/A,40,rolex-oyster-perpetual-day-date-40-228238-0069.png
Rolex,Oyster Perpetual Day-Date,Excelent ,N/A,40,rolex-oyster-perpetual-day-date-40-228235-0055.png
Rolex,Oyster Perpetual Day-Date,Excelent ,N/A,40,rolex-oyster-perpetual-day-date-40-228235-0056.png
Rolex,Oyster Perpetual Day-Date,Excelent ,N/A,36,rolex-oyster-perpetual-day-date-36-128398tbr-0035.png
Rolex,Oyster Perpetual Day-Date,Excelent ,N/A,36,rolex-oyster-perpetual-day-date-36-128399tbr-0029.png
Rolex,Oyster Perpetual Day-Date,Excelent ,N/A,36,rolex-oyster-perpetual-day-date-36-128395tbr-0032.png
Rolex,Oyster Perpetual Day-Date,Excelent ,N/A,36,rolex-oyster-perpetual-day-date-36-128238-0123.png
Rolex,Oyster Perpetual Day-Date,Excelent ,N/A,36,rolex-oyster-perpetual-day-date-36-128238-0113-800x1513.png
Rolex,Oyster Perpetual Day-Date,Excelent ,N/A,36,rolex-oyster-perpetual-day-date-36-128236-0018.png
Rolex,Oyster Perpetual Day-Date,Excelent ,N/A,36,rolex-oyster-perpetual-day-date-36-128235-0070.png
Rolex,GMT-Master II,Excelent ,N/A,N/A,rolex-gmt-master-ii-126710grnr-0004-800x1380.png
Rolex,GMT-Master II,Excelent ,N/A,N/A,rolex-gmt-master-ii-126710grnr-0003-800x1383.png
Rolex,Deepsea,Excelent ,N/A,N/A,rolex-deepsea-136668lb-0001.png
Rolex,Cosmograph Daytona,Excelent ,N/A,N/A,rolex-cosmograph-daytona-126579rbr-0001.png
Rolex,Cosmograph Daytona,Excelent ,N/A,N/A,rolex-cosmograph-daytona-126589rbr-0002.png
Rolex,Oyster Perpetual Day-Date,Excelent ,N/A,36,rolex-oyster-perpetua-day-date-36-128238-0069.png
Rolex,Oyster Perpetual Day-Date,Excelent ,N/A,40,rolex-oyster-perpetual-day-date-40-228398tbr-0036-800x1455.png
Rolex,Oyster Perpetual Day-Date,Excelent ,N/A,40,rolex-oyster-perpetual-day-date-40-228345rbr-0016-800x1460.png
Rolex,Oyster Perpetual Day-Date,Excelent ,N/A,40,rolex-oyster-perpetual-day-date-40-228238-0061-800x1460.png
Rolex,Oyster Perpetual Day-Date,Excelent ,N/A,40,rolex-oyster-perpetual-day-date-40-228238-0059-800x1460.png
Rolex,Oyster Perpetual Day-Date,Excelent ,N/A,40,rolex-oyster-perpetual-day-date-40-228235-0053-800x1460.png
Rolex,Oyster Perpetual Day-Date,Excelent ,N/A,36,rolex-oyster-perpetual-day-date-36-128396tbr-0003-800x1495.png
Rolex,Oyster Perpetual Day-Date,Excelent ,N/A,36,rolex-oyster-perpetual-day-date-36-128348rbr-0049-800x1495.png
Rolex,Oyster Perpetual Day-Date,Excelent ,N/A,36,rolex-oyster-perpetual-day-date-36-128349rbr-0031-800x1496.png
Rolex,Oyster Perpetual Day-Date,Excelent ,N/A,36,rolex-oyster-perpetual-day-date-36-128345rbr-0044-800x1495.png
Rolex,Oyster Perpetual Day-Date,Excelent ,N/A,36,rolex-oyster-perpetual-day-date-36-128348rbr-0017-800x1495.png
Rolex,Oyster Perpetual Day-Date,Excelent ,N/A,36,rolex-oyster-perpetual-day-date-36-128345rbr-0068-800x1496.png
Rolex,Oyster Perpetual Day-Date,Excelent ,N/A,36,rolex-oyster-perpetual-day-date-36-128239-0023-800x1496.png
Rolex,Oyster Perpetual Day-Date,Excelent ,N/A,36,rolex-oyster-perpetual-day-date-36-128239-0005-800x1495.png
Rolex,Oyster Perpetual Day-Date,Excelent ,N/A,36,rolex-oyster-perpetual-day-date-36-128345rbr-0043-800x1507.png
Rolex,Oyster Perpetual,Excelent ,N/A,41,rolex-oyster-perpetual-41-124300-0008-800x1456.png
Rolex,Oyster Perpetual Day-Date,Excelent ,N/A,36,rolex-oyster-perpetual-day-date-36-128238-0081-800x1495.png
Rolex,Oyster Perpetual,Excelent ,N/A,36,rolex-oyster-perpetual-36-126000-0009-800x1516.png
Rolex,Oyster Perpetual,Excelent ,N/A,34,rolex-oyster-perpetual-34-124200-0004-800x1589.png
Rolex,Oyster Perpetual,Excelent ,N/A,31,rolex-oyster-perpetual-31-277200-0004-800x1617.png
Rolex,Oyster Perpetual,Excelent ,N/A,31,rolex-oyster-perpetual-31-277200-0001-800x1617.png
Rolex,GMT-Master II,Excelent ,N/A,N/A,rolex-gmt-master-ii-126718grnr-0001-800x1375.png
Rolex,GMT-Master II,Excelent ,N/A,N/A,rolex-gmt-master-ii-126710blnr-0003-800x1379.png
Rolex,GMT-Master II,Excelent ,N/A,N/A,rolex-gmt-master-ii-126713grnr-0001-800x1362.png
Rolex,Explorer,Excelent ,N/A,36,rolex-explorer-36-124270-0001-800x1528.png
Rolex,Explorer,Excelent ,N/A,40,rolex-explorer-40-224270-0001-800x1437.png
Rolex,Yacht-Master,Excelent ,N/A,40,rolex-yacht-master-40-126622-0001-1-800x1363.png
Rolex,Yacht-Master,Excelent ,N/A,42,rolex-yacht-master-42-226659-0004-800x1359.png
Rolex,Yacht-Master,Excelent ,N/A,42,rolex-yacht-master-42-226627-0001-800x1328.png
Rolex,Yacht-Master,Excelent ,N/A,40,rolex-yacht-master-40-126655-0002-800x1391.png
Rolex,Yacht-Master,Excelent ,N/A,37,rolex-yacht-master-37-268621-0003-800x1459.png
Rolex,Sky-Dweller,Excelent ,N/A,N/A,rolex-sky-dweller-336935-0001-800x1400.png
Rolex,Sky-Dweller,Excelent ,N/A,N/A,rolex-sky-dweller-336934-0004-800x1383.png
Rolex,Sky-Dweller,Excelent ,N/A,N/A,rolex-sky-dweller-336938-0003-800x1394.png
Rolex,Sky-Dweller,Excelent ,N/A,N/A,rolex-sky-dweller-336934-0001-800x1374.png
Rolex,Sky-Dweller,Excelent ,N/A,N/A,rolex-sky-dweller-336933-0004-800x1383.png
Rolex,Sky-Dweller,Excelent ,N/A,N/A,rolex-sky-dweller-336239-0002-800x1411.png
Rolex,Sky-Dweller,Excelent ,N/A,N/A,rolex-sky-dweller-336933-0001-800x1388.png
Rolex,Sky-Dweller,Excelent ,N/A,N/A,rolex-sky-dweller-336238-0002-800x1593.png
Rolex,Sky-Dweller,Excelent ,N/A,N/A,rolex-sky-dweller-336235-0003-800x1411.png
Rolex,1908,Excelent ,N/A,N/A,rolex-perpetual-1908-52509-0006-800x1456.png
Rolex,1908,Excelent ,N/A,N/A,rolex-perpetual-1908-52509-0002-800x1455.png
Rolex,1908,Excelent ,N/A,N/A,rolex-perpetual-1908-52508-0002-800x1458.png
Rolex,1908,Excelent ,N/A,N/A,rolex-perpetual-1908-52508-0006-800x1453.png
Rolex,Cosmograph Daytona,Excelent ,N/A,N/A,rolex-cosmograph-daytona-126518ln-0012-800x1435.png
Rolex,Cosmograph Daytona,Excelent ,N/A,N/A,rolex-cosmograph-daytona-126515ln-0006-800x1435.png
Rolex,Cosmograph Daytona,Excelent ,N/A,N/A,rolex-cosmograph-daytona-126509-0001-800x1415.png
Rolex,Cosmograph Daytona,Excelent ,N/A,N/A,rolex-cosmograph-daytona-126508-0003-800x1415.png
Rolex,Cosmograph Daytona,Excelent ,N/A,N/A,rolex-cosmograph-daytona-126506-0002-800x1415.png
Rolex,Cosmograph Daytona,Excelent ,N/A,N/A,rolex-cosmograph-daytona-126506-0001-800x1415.png
Rolex,Cosmograph Daytona,Excelent ,N/A,N/A,rolex-cosmograph-daytona-126505-0001-800x1415.png
Rolex,Cosmograph Daytona,Excelent ,N/A,N/A,rolex-cosmograph-daytona-126505-0002-800x1415.png
Rolex,Cosmograph Daytona,Excelent ,N/A,N/A,rolex-cosmograph-daytona-126503-0004-800x1415.png
Rolex,Cosmograph Daytona,Excelent ,N/A,N/A,rolex-cosmograph-daytona-126503-0003-800x1415.png
Rolex,Cosmograph Daytona,Excelent ,N/A,N/A,rolex-cosmograph-daytona-126503-0001-800x1415.png
Rolex,Cosmograph Daytona,Excelent ,N/A,N/A,rolex-cosmograph-daytona-126500ln-0002-800x1413.png
Rolex,Cosmograph Daytona,Excelent ,N/A,N/A,rolex-cosmograph-daytona-126500ln-0001-800x1413.png
Rolex,Yacht-Master,Excelent ,N/A,42,rolex-yacht-master-42-226658.png
Rolex,GMT-Master II,Excelent ,N/A,N/A,rolex-gmt-master-ii-126720vtnr.png
Rolex,Day-Date,Excelent ,N/A,40,rolex-day-date-40-228236.png
Rolex,Datejust,Excelent ,N/A,31,rolex-datejust-31-278288rbr.png
Rolex,Datejust,Excelent ,N/A,31,rolex-datejust-31-278381rbr.png
Rolex,Datejust,Excelent ,N/A,31,rolex-datejust-31-278274.png
Rolex,Air-King,Excelent ,N/A,N/A,rolex-air-king-126900.png
Rolex,Lady-Datejust,Excelent ,N/A,N/A,rolex-lady-datejust-279458rbr-0001.png
Rolex,Explorer II,Excelent ,N/A,N/A,rolex-explorer-ii-226570-0001.png
Rolex,Explorer,Excelent ,N/A,N/A,rolex-explorer-124273-0001.png
Rolex,Oyster Perpetual,Excelent ,N/A,41,rolex-oyster-perpetual-41-m124300-0005-800x1402.png
Rolex,Oyster Perpetual,Excelent ,N/A,34,rolex-oyster-perpetual-34-m124200-0003-800x1532.png
Rolex,Oyster Perpetual,Excelent ,N/A,34,rolex-oyster-perpetual-34-m124200-0002-800x1532.png
Rolex,Oyster Perpetual,Excelent ,N/A,34,rolex-oyster-perpetual-34-m124200-0001-800x1532.png
Rolex,Oyster Perpetual,Excelent ,N/A,31,rolex-oyster-perpetual-31-m277200-0007-800x1507.png
Rolex,Oyster Perpetual,Excelent ,N/A,28,rolex-oyster-perpetual-28-m276200-0002.png
Rolex,Oyster Perpetual,Excelent ,N/A,28,rolex-oyster-perpetual-28-m276200-0003.png
Rolex,Oyster Perpetual,Excelent ,N/A,28,rolex-oyster-perpetual-28-m276200-0001.png
Rolex,Oyster Perpetual,Excelent ,N/A,28,rolex-oyster-perpetual-28-m276200-0004.png
Rolex,Datejust,Excelent ,N/A,41,rolex-datejust-41-m126300-0007-800x1313.png
Rolex,Datejust,Excelent ,N/A,41,rolex-datejust-41-m126303-0019-800x1328.png
Rolex,Datejust,Excelent ,N/A,41,rolex-datejust-41-m126334-0022-800x1327.png
Rolex,Datejust,Excelent ,N/A,41,rolex-datejust-41-m126334-0001-800x1325.png
Rolex,Datejust,Excelent ,N/A,41,rolex-datejust-41-m126333-0011-800x1319.png
Rolex,Datejust,Excelent ,N/A,41,rolex-datejust-41-m126331-0016-800x1327.png
Rolex,Datejust,Excelent ,N/A,41,rolex-datejust-41-m126300-0006-800x1327.png
Rolex,Datejust,Excelent ,N/A,41,rolex-datejust-41-m126333-0010-800x1326.png
Rolex,Datejust,Excelent ,N/A,41,rolex-datejust-41-m126331-0007-800x1248.png
Rolex,Datejust,Excelent ,N/A,41,rolex-datejust-41-m126301-0009-800x1287.png
Rolex,Datejust,Excelent ,N/A,41,rolex-datejust-41-m126334-0016-800x1327.png
Rolex,Datejust,Excelent ,N/A,41,rolex-datejust-41-m126334-0006-800x1327.png
Rolex,Datejust,Excelent ,N/A,36,rolex-datejust-36-m126234-0032-800x1475.png
Rolex,Datejust,Excelent ,N/A,41,rolex-datejust-41-m126331-0004-800x1327.png
Rolex,Datejust,Excelent ,N/A,36,rolex-datejust-36-m126200-0002-800x1475.png
Rolex,Datejust,Excelent ,N/A,36,rolex-datejust-36-m126201-0018-800x1475.png
Rolex,Datejust,Excelent ,N/A,36,rolex-datejust-36-m126281rbr-0010-800x1468.png
Rolex,Datejust,Excelent ,N/A,36,rolex-datejust-36-m126284rbr-0013-800x1453.png
Rolex,Datejust,Excelent ,N/A,36,rolex-datejust-36-m126281rbr-0016-800x1468.png
Rolex,Datejust,Excelent ,N/A,36,rolex-datejust-36-m126283rbr-0012-800x1476.png
Rolex,Datejust,Excelent ,N/A,36,rolex-datejust-36-m126283rbr-0009-800x1455.png
Rolex,Datejust,Excelent ,N/A,36,rolex-datejust-36-m126231-0023-800x1447.png
Rolex,Datejust,Excelent ,N/A,36,rolex-datejust-36-m126233-0032-800x1476.png
Rolex,Datejust,Excelent ,N/A,36,rolex-datejust-36-m126233-0017-800x1455.png
Rolex,Datejust,Excelent ,N/A,31,rolex-datejust-31-m278383rbr-0019-800x1566.png
Rolex,Datejust,Excelent ,N/A,31,rolex-datejust-31-m278289rbr-0018-800x1541.png
Rolex,Datejust,Excelent ,N/A,31,rolex-datejust-31-m278271-0024-800x1566.png
Rolex,Datejust,Excelent ,N/A,31,rolex-datejust-31-m278344rbr-0023-800x1563.png
Rolex,Datejust,Excelent ,N/A,31,rolex-datejust-31-m278285rbr-0005-800x1543.png
Rolex,Datejust,Excelent ,N/A,31,rolex-datejust-31-m278343rbr-0018-800x1566.png
Rolex,Datejust,Excelent ,N/A,31,rolex-datejust-31-m278288rbr-0005-800x1545.png
Rolex,Datejust,Excelent ,N/A,31,rolex-datejust-31-m278241-0017-800x1566.png
Rolex,Datejust,Excelent ,N/A,31,rolex-datejust-31-m278381rbr-0026-800x1566.png
Rolex,Datejust,Excelent ,N/A,31,rolex-datejust-31-m278289rbr-0006-800x1554.png
Rolex,Datejust,Excelent ,N/A,31,rolex-datejust-31-m278289rbr-0005-800x1541.png
Rolex,Datejust,Excelent ,N/A,31,rolex-datejust-31-m278278-0036-800x1545.png
Rolex,Datejust,Excelent ,N/A,31,rolex-datejust-31-m278243-0001-800x1566.png
Rolex,Datejust,Excelent ,N/A,31,rolex-datejust-31-m278240-0005-800x1558.png
Rolex,Yacht-Master,Excelent ,N/A,40,rolex-yacht-master-40-m126622-0001-800x1305.png
Rolex,Yacht-Master,Excelent ,N/A,40,rolex-yacht-master-40-m126621-0001-800x1305.png
Rolex,Yacht-Master,Excelent ,N/A,40,rolex-yacht-master-40-m126655-0005-800x1295.png
Rolex,Yacht-Master,Excelent ,N/A,37,rolex-yacht-master-37-m268622-0002-800x1619.png
Rolex,Yacht-Master,Excelent ,N/A,37,rolex-yacht-master-37-m268621-0004-800x1619.png
Rolex,GMT-Master II,Excelent ,N/A,N/A,rolex-oyster-perpetual-gmt-master-ii-m126711chnr-0002-800x1284.png
Rolex,GMT-Master II,Excelent ,N/A,N/A,rolex-oyster-perpetual-gmt-master-ii-m126715chnr-0001-800x1278.png
Rolex,GMT-Master II,Excelent ,N/A,N/A,rolex-oyster-perpetual-gmt-master-ii-m126719blro-0002-800x1286.png
Rolex,GMT-Master II,Excelent ,N/A,N/A,rolex-oyster-perpetual-gmt-master-ii-m126719blro-0003-800x1286.png
Rolex,GMT-Master II,Excelent ,N/A,N/A,rolex-oyster-perpetual-gmt-master-ii-m126710blro-0001-800x1307.png
Rolex,GMT-Master II,Excelent ,N/A,N/A,rolex-oyster-perpetual-gmt-master-ii-m126710blnr-0002-800x1305.png
Rolex,Submariner Date,Excelent ,N/A,N/A,rolex-oyster-perpetual-submariner-date-m126618ln-0002-800x1320.png
Rolex,Submariner Date,Excelent ,N/A,N/A,rolex-oyster-perpetual-submariner-date-m126618lb-0002-800x1317.png
Rolex,Submariner Date,Excelent ,N/A,N/A,rolex-oyster-perpetual-submariner-date-m126613ln-0002-800x1320.png
Rolex,Submariner Date,Excelent ,N/A,N/A,rolex-oyster-perpetual-submariner-date-m126610ln-0001-800x1304.png
Rolex,Lady-Datejust,Excelent ,N/A,N/A,rolex-oyster-perpetual-lady-datejust-m279384rbr-0018.png
Rolex,Lady-Datejust,Excelent ,N/A,N/A,rolex-oyster-perpetual-lady-datejust-m279160-0013.png
Rolex,Lady-Datejust,Excelent ,N/A,N/A,rolex-oyster-perpetual-lady-datejust-m279161-0017.png
Rolex,Lady-Datejust,Excelent ,N/A,N/A,rolex-oyster-perpetual-lady-datejust-m279174-0020.png
Rolex,Lady-Datejust,Excelent ,N/A,N/A,rolex-oyster-perpetual-lady-datejust-m279171-0016.png
Rolex,Lady-Datejust,Excelent ,N/A,N/A,rolex-oyster-perpetual-lady-datejust-m279178-0030-800x1531.png
Rolex,Lady-Datejust,Excelent ,N/A,N/A,rolex-oyster-perpetual-lady-datejust-m279175-0019-800x1500.png
Rolex,Lady-Datejust,Excelent ,N/A,N/A,rolex-oyster-perpetual-lady-datejust-m279384rbr-0011.png
Rolex,Lady-Datejust,Excelent ,N/A,N/A,rolex-oyster-perpetual-lady-datejust-m279383rbr-0012.png
Rolex,Lady-Datejust,Excelent ,N/A,N/A,rolex-oyster-perpetual-lady-datejust-m279138rbr-0015-800x1507.png
Rolex,Lady-Datejust,Excelent ,N/A,N/A,rolex-oyster-perpetual-lady-datejust-m279163-0023.png
Rolex,Lady-Datejust,Excelent ,N/A,N/A,rolex-oyster-perpetual-lady-datejust-m279138rbr-0006-800x1506.png
Rolex,Lady-Datejust,Excelent ,N/A,N/A,rolex-oyster-perpetual-lady-datejust-m279381rbr-0013-800x1401.png
Rolex,Lady-Datejust,Excelent ,N/A,N/A,rolex-oyster-perpetual-lady-datejust-m279173-0007.png
Rolex,Lady-Datejust,Excelent ,N/A,N/A,rolex-oyster-perpetual-lady-datejust-m279135rbr-0021-800x1506.png
Rolex,Day-Date 40,Excelent ,N/A,40,rolex-oyster-perpetual-day-date-40-m228349rbr-0003-800x1368.png
Rolex,Day-Date 40,Excelent ,N/A,40,rolex-oyster-perpetual-day-date-40-m228345rbr-0002-800x1359.png
Rolex,Day-Date 40,Excelent ,N/A,40,rolex-oyster-perpetual-day-date-40-m228235-0032-800x1359.png
Rolex,Day-Date 40,Excelent ,N/A,40,rolex-oyster-perpetual-day-date-40-m228348rbr-0002-800x1359.png
Rolex,Day-Date 40,Excelent ,N/A,40,rolex-oyster-perpetual-day-date-40-m228239-0007-800x1363.png
Rolex,Day-Date 40,Excelent ,N/A,40,rolex-oyster-perpetual-day-date-40-m228398tbr-0001-800x1359.png
Rolex,Day-Date 40,Excelent ,N/A,40,rolex-oyster-perpetual-day-date-40-m228238-0006-800x1359.png
Rolex,Day-Date 40,Excelent ,N/A,40,rolex-oyster-perpetual-day-date-40-m228345rbr-0007-800x1359.png
Rolex,Day-Date 40,Excelent ,N/A,40,rolex-oyster-perpetual-day-date-40-m228239-0033-800x1363.png
Rolex,Day-Date 40,Excelent ,N/A,40,rolex-oyster-perpetual-day-date-40-m228349rbr-0040-800x1368.png
Rolex,Day-Date 40,Excelent ,N/A,40,rolex-oyster-perpetual-day-date-40-m228396tbr-0002-800x1363.png
Rolex,Day-Date 40,Excelent ,N/A,40,rolex-oyster-perpetual-day-date-40-m228235-0025-800x1359.png
Rolex,Day-Date 40,Excelent ,N/A,40,rolex-oyster-perpetual-day-date-40-m228238-0042-800x1359.png
Rolex,Day-Date 36,Excelent ,N/A,36,rolex-oyster-perpetual-day-date-36-m128349rbr-0008-800x1473.png
Rolex,Day-Date 36,Excelent ,N/A,36,rolex-oyster-perpetual-day-date-36-m128349rbr-0012-800x1501.png
Rolex,Day-Date 36,Excelent ,N/A,36,rolex-oyster-perpetual-day-date-36-m128348rbr-0037-800x1485.png
Rolex,Day-Date 36,Excelent ,N/A,36,rolex-oyster-perpetual-day-date-36-m128238-0008-800x1486.png
Rolex,Day-Date 36,Excelent ,N/A,36,rolex-oyster-perpetual-day-date-36-m128345rbr-0028-800x1485.png
Rolex,Day-Date 36,Excelent ,N/A,36,rolex-oyster-perpetual-day-date-36-m128235-0009-800x1485.png
Rolex,Oyster Perpetual 41,Excelent ,Stainless Steel,41,rolex-oyster-perpetual-41-m124300-0001-800x1402.png
Rolex,Oyster Perpetual 41,Excelent ,Stainless Steel,41,rolex-oyster-perpetual-41-m124300-0002-800x1402.png
Rolex,Oyster Perpetual 36,Excelent ,Stainless Steel,36,rolex-oyster-perpetual-36-m126000-0006-800x1489.png
Rolex,Oyster Perpetual 36,Excelent ,Stainless Steel,36,rolex-oyster-perpetual-36-m126000-0005-800x1489.png
Rolex,Oyster Perpetual 36,Excelent ,Stainless Steel,36,rolex-oyster-perpetual-36-m126000-0008-800x1489.png
Rolex,Datejust 31,Excelent ,N/A,31,rolex-oyster-perpetual-datejust-31-m278274-0009-800x1533.png
Rolex,Datejust 31,Excelent ,N/A,31,rolex-oyster-perpetual-datejust-31-m278274-0016-800x1550.png
Rolex,Datejust 31,Excelent ,N/A,31,rolex-oyster-perpetual-datejust-31-m278274-0018-800x1566.png
Rolex,Datejust 31,Excelent ,N/A,31,rolex-oyster-perpetual-datejust-31-m278384rbr-0029-800x1558.png
Rolex,Submariner Date,Excelent ,N/A,N/A,rolex-oyster-perpetual-submariner-date-m126619lb-0003-800x1309.png
Rolex,Submariner Date,Excelent ,N/A,N/A,rolex-oyster-perpetual-submariner-date-m126613lb-0002-800x1320.png
Rolex,Submariner Date,Excelent ,N/A,N/A,rolex-oyster-perpetual-submariner-date-m126610lv-0002-800x1304.png
Rolex,Submariner,Excelent ,Stainless Steel,N/A,rolex-oyster-perpetual-submariner-m124060-0001-800x1303.png
Rolex,Yacht-Master 42,Excelent ,N/A,42,rolex-oyster-perpetual-yacht-master-42-m226659-800x1320.png
Rolex,Sea-Dweller,Excelent ,N/A,N/A,rolex-oyster-perpetual-sea-dweller-m126603-800x1295.png
Rolex,Day-Date 36,Excelent ,N/A,36,rolex-oyster-perpetual-day-date-36-m128235-800x1484.png
Rolex,Day-Date 36,Excelent ,N/A,36,rolex-oyster-perpetual-day-date-36-m128238-800x1484.png
Rolex,Datejust 36,Excelent ,N/A,36,rolex-oyster-perpetual-datejust-36-m126284rbr-800x1468.png
Rolex,Datejust 36,Excelent ,N/A,36,rolex-oyster-perpetual-datejust-36-m126234-800x1468.png
Rolex,Datejust 31,Excelent ,N/A,31,rolex-oyster-perpetual-datejust-31-m278271-800x1551.png
Rolex,Datejust 31,Excelent ,N/A,31,rolex-oyster-perpetual-datejust-31-m278273-800x1562.png
Rolex,Oyster Perpetual Submariner Date,Discontinued,N/A,N/A,rolex-oyster-perpetual-submariner-date-m116619lb-800x1292.png
Rolex,Oyster Perpetual Submariner Date,Discontinued,N/A,N/A,rolex-oyster-perpetual-submariner-date-m116618lb-800x1292.png
Rolex,Oyster Perpetual Submariner Date,Discontinued,N/A,N/A,rolex-oyster-perpetual-submariner-date-m116618ln-800x1292.png
Rolex,Oyster Perpetual Submariner Date,Discontinued,N/A,N/A,rolex-oyster-perpetual-submariner-date-m116613lb-800x1309.png
Rolex,Oyster Perpetual Submariner Date,Discontinued,N/A,N/A,rolex-oyster-perpetual-submariner-date-m116613ln-800x1309.png
Rolex,Oyster Perpetual Submariner Date,Discontinued,N/A,N/A,rolex-oyster-perpetual-submariner-date-m116610lv-800x1300.png
Rolex,Oyster Perpetual Submariner Date,Discontinued,N/A,N/A,rolex-oyster-perpetual-submariner-date-m116610ln-800x1300.png
Rolex,Yacht-Master II,Discontinued,N/A,N/A,rolex-yacht-master-ii-m116688-800x1265.png
Rolex,Yacht-Master II,Discontinued,N/A,N/A,rolex-yacht-master-ii-m116680-800x1265.png
Rolex,Yacht-Master II,Discontinued,N/A,N/A,rolex-yacht-master-ii-m116689-0002-800x1271.png
Rolex,Yacht-Master II,Discontinued,N/A,N/A,rolex-yacht-master-ii-m116681-0002-800x1262.png
Rolex,Yacht-Master II,Discontinued,N/A,N/A,rolex-yacht-master-ii-m116688-800x1265.png
Rolex,Yacht-Master 40,Discontinued,N/A,40,rolex-yacht-master-40-126679-sabr.png
Rolex,Yacht-Master II,Discontinued,N/A,N/A,rolex-yacht-master-ii-m116680-800x1265.png
Rolex,Yacht-Master 37,Discontinued,N/A,37,rolex-yacht-master-37-268655-0016-800x1468.png
Rolex,Sky-Dweller,Discontinued,N/A,N/A,rolex-oyster-perpetual-sky-dweller-m326933-0002-800x1300.png
Rolex,Sky-Dweller,Discontinued,N/A,N/A,rolex-oyster-perpetual-sky-dweller-m326938-0005-800x1280.png
